,FIPS,county name,state
0,,,
1,01001,Autauga,AL
2,01003,Baldwin,AL
3,01005,Barbour,AL
4,01007,Bibb,AL
5,01009,Blount,AL
6,01011,Bullock,AL
7,01013,Butler,AL
8,01015,Calhoun,AL
9,01017,Chambers,AL
10,01019,Cherokee,AL
11,01021,Chilton,AL
12,01023,Choctaw,AL
13,01025,Clarke,AL
14,01027,Clay,AL
15,01029,Cleburne,AL
16,01031,Coffee,AL
17,01033,Colbert,AL
18,01035,Conecuh,AL
19,01037,Coosa,AL
20,01039,Covington,AL
21,01041,Crenshaw,AL
22,01043,Cullman,AL
23,01045,Dale,AL
24,01047,Dallas,AL
25,01049,De Kalb,AL
26,01051,Elmore,AL
27,01053,Escambia,AL
28,01055,Etowah,AL
29,01057,Fayette,AL
30,01059,Franklin,AL
31,01061,Geneva,AL
32,01063,Greene,AL
33,01065,Hale,AL
34,01067,Henry,AL
35,01069,Houston,AL
36,01071,Jackson,AL
37,01073,Jefferson,AL
38,01075,Lamar,AL
39,01077,Lauderdale,AL
40,01079,Lawrence,AL
41,01081,Lee,AL
42,01083,Limestone,AL
43,01085,Lowndes,AL
44,01087,Macon,AL
45,01089,Madison,AL
46,01091,Marengo,AL
47,01093,Marion,AL
48,01095,Marshall,AL
49,01097,Mobile,AL
50,01099,Monroe,AL
51,01101,Montgomery,AL
52,01103,Morgan,AL
53,01105,Perry,AL
54,01107,Pickens,AL
55,01109,Pike,AL
56,01111,Randolph,AL
57,01113,Russell,AL
58,01115,St Clair,AL
59,01117,Shelby,AL
60,01119,Sumter,AL
61,01121,Talladega,AL
62,01123,Tallapoosa,AL
63,01125,Tuscaloosa,AL
64,01127,Walker,AL
65,01129,Washington,AL
66,01131,Wilcox,AL
67,01133,Winston,AL
68,02013,Aleutians East,AK
69,02016,Aleutians West,AK
70,02020,Anchorage,AK
71,02050,Bethel,AK
72,02060,Bristol Bay,AK
73,02068,Denali,AK
74,02070,Dillingham,AK
75,02090,Fairbanks North Star,AK
76,02100,Haines,AK
77,02110,Juneau,AK
78,02122,Kenai Peninsula,AK
79,02130,Ketchikan Gateway,AK
80,02150,Kodiak Island,AK
81,02164,Lake and Peninsula,AK
82,02170,Matanuska-Susitna,AK
83,02180,Nome,AK
84,02185,North Slope,AK
85,02188,Northwest Arctic,AK
86,02201,Prince of Wales-Outer Ketchikan,AK
87,02220,Sitka,AK
88,02232,Skagway-Hoonah-Angoon,AK
89,02240,Southeast Fairbanks,AK
90,02261,Valdez-Cordova,AK
91,02270,Wade Hampton,AK
92,02280,Wrangell-Petersburg,AK
93,02282,Yakutat,AK
94,02290,Yukon-Koyukuk,AK
95,04001,Apache,AZ
96,04003,Cochise,AZ
97,04005,Coconino,AZ
98,04007,Gila,AZ
99,04009,Graham,AZ
100,04011,Greenlee,AZ
101,04012,La Paz,AZ
102,04013,Maricopa,AZ
103,04015,Mohave,AZ
104,04017,Navajo,AZ
105,04019,Pima,AZ
106,04021,Pinal,AZ
107,04023,Santa Cruz,AZ
108,04025,Yavapai,AZ
109,04027,Yuma,AZ
110,05001,Arkansas,AR
111,05003,Ashley,AR
112,05005,Baxter,AR
113,05007,Benton,AR
114,05009,Boone,AR
115,05011,Bradley,AR
116,05013,Calhoun,AR
117,05015,Carroll,AR
118,05017,Chicot,AR
119,05019,Clark,AR
120,05021,Clay,AR
121,05023,Cleburne,AR
122,05025,Cleveland,AR
123,05027,Columbia,AR
124,05029,Conway,AR
125,05031,Craighead,AR
126,05033,Crawford,AR
127,05035,Crittenden,AR
128,05037,Cross,AR
129,05039,Dallas,AR
130,05041,Desha,AR
131,05043,Drew,AR
132,05045,Faulkner,AR
133,05047,Franklin,AR
134,05049,Fulton,AR
135,05051,Garland,AR
136,05053,Grant,AR
137,05055,Greene,AR
138,05057,Hempstead,AR
139,05059,Hot Spring,AR
140,05061,Howard,AR
141,05063,Independence,AR
142,05065,Izard,AR
143,05067,Jackson,AR
144,05069,Jefferson,AR
145,05071,Johnson,AR
146,05073,Lafayette,AR
147,05075,Lawrence,AR
148,05077,Lee,AR
149,05079,Lincoln,AR
150,05081,Little River,AR
151,05083,Logan,AR
152,05085,Lonoke,AR
153,05087,Madison,AR
154,05089,Marion,AR
155,05091,Miller,AR
156,05093,Mississippi,AR
157,05095,Monroe,AR
158,05097,Montgomery,AR
159,05099,Nevada,AR
160,05101,Newton,AR
161,05103,Ouachita,AR
162,05105,Perry,AR
163,05107,Phillips,AR
164,05109,Pike,AR
165,05111,Poinsett,AR
166,05113,Polk,AR
167,05115,Pope,AR
168,05117,Prairie,AR
169,05119,Pulaski,AR
170,05121,Randolph,AR
171,05123,St Francis,AR
172,05125,Saline,AR
173,05127,Scott,AR
174,05129,Searcy,AR
175,05131,Sebastian,AR
176,05133,Sevier,AR
177,05135,Sharp,AR
178,05137,Stone,AR
179,05139,Union,AR
180,05141,Van Buren,AR
181,05143,Washington,AR
182,05145,White,AR
183,05147,Woodruff,AR
184,05149,Yell,AR
185,06001,Alameda,CA
186,06003,Alpine,CA
187,06005,Amador,CA
188,06007,Butte,CA
189,06009,Calaveras,CA
190,06011,Colusa,CA
191,06013,Contra Costa,CA
192,06015,Del Norte,CA
193,06017,El Dorado,CA
194,06019,Fresno,CA
195,06021,Glenn,CA
196,06023,Humboldt,CA
197,06025,Imperial,CA
198,06027,Inyo,CA
199,06029,Kern,CA
200,06031,Kings,CA
201,06033,Lake,CA
202,06035,Lassen,CA
203,06037,Los Angeles,CA
204,06039,Madera,CA
205,06041,Marin,CA
206,06043,Mariposa,CA
207,06045,Mendocino,CA
208,06047,Merced,CA
209,06049,Modoc,CA
210,06051,Mono,CA
211,06053,Monterey,CA
212,06055,Napa,CA
213,06057,Nevada,CA
214,06059,Orange,CA
215,06061,Placer,CA
216,06063,Plumas,CA
217,06065,Riverside,CA
218,06067,Sacramento,CA
219,06069,San Benito,CA
220,06071,San Bernardino,CA
221,06073,San Diego,CA
222,06075,San Francisco,CA
223,06077,San Joaquin,CA
224,06079,San Luis Obispo,CA
225,06081,San Mateo,CA
226,06083,Santa Barbara,CA
227,06085,Santa Clara,CA
228,06087,Santa Cruz,CA
229,06089,Shasta,CA
230,06091,Sierra,CA
231,06093,Siskiyou,CA
232,06095,Solano,CA
233,06097,Sonoma,CA
234,06099,Stanislaus,CA
235,06101,Sutter,CA
236,06103,Tehama,CA
237,06105,Trinity,CA
238,06107,Tulare,CA
239,06109,Tuolumne,CA
240,06111,Ventura,CA
241,06113,Yolo,CA
242,06115,Yuba,CA
243,08001,Adams,CO
244,08003,Alamosa,CO
245,08005,Arapahoe,CO
246,08007,Archuleta,CO
247,08009,Baca,CO
248,08011,Bent,CO
249,08013,Boulder,CO
250,08015,Chaffee,CO
251,08017,Cheyenne,CO
252,08019,Clear Creek,CO
253,08021,Conejos,CO
254,08023,Costilla,CO
255,08025,Crowley,CO
256,08027,Custer,CO
257,08029,Delta,CO
258,08031,Denver,CO
259,08033,Dolores,CO
260,08035,Douglas,CO
261,08037,Eagle,CO
262,08039,Elbert,CO
263,08041,El Paso,CO
264,08043,Fremont,CO
265,08045,Garfield,CO
266,08047,Gilpin,CO
267,08049,Grand,CO
268,08051,Gunnison,CO
269,08053,Hinsdale,CO
270,08055,Huerfano,CO
271,08057,Jackson,CO
272,08059,Jefferson,CO
273,08061,Kiowa,CO
274,08063,Kit Carson,CO
275,08065,Lake,CO
276,08067,La Plata,CO
277,08069,Larimer,CO
278,08071,Las Animas,CO
279,08073,Lincoln,CO
280,08075,Logan,CO
281,08077,Mesa,CO
282,08079,Mineral,CO
283,08081,Moffat,CO
284,08083,Montezuma,CO
285,08085,Montrose,CO
286,08087,Morgan,CO
287,08089,Otero,CO
288,08091,Ouray,CO
289,08093,Park,CO
290,08095,Phillips,CO
291,08097,Pitkin,CO
292,08099,Prowers,CO
293,08101,Pueblo,CO
294,08103,Rio Blanco,CO
295,08105,Rio Grande,CO
296,08107,Routt,CO
297,08109,Saguache,CO
298,08111,San Juan,CO
299,08113,San Miguel,CO
300,08115,Sedgwick,CO
301,08117,Summit,CO
302,08119,Teller,CO
303,08121,Washington,CO
304,08123,Weld,CO
305,08125,Yuma,CO
306,09001,Fairfield,CT
307,09003,Hartford,CT
308,09005,Litchfield,CT
309,09007,Middlesex,CT
310,09009,New Haven,CT
311,09011,New London,CT
312,09013,Tolland,CT
313,09015,Windham,CT
314,10001,Kent,DE
315,10003,New Castle,DE
316,10005,Sussex,DE
317,11001,Washington,DC
318,12001,Alachua,FL
319,12003,Baker,FL
320,12005,Bay,FL
321,12007,Bradford,FL
322,12009,Brevard,FL
323,12011,Broward,FL
324,12013,Calhoun,FL
325,12015,Charlotte,FL
326,12017,Citrus,FL
327,12019,Clay,FL
328,12021,Collier,FL
329,12023,Columbia,FL
330,12025,Dade,FL
331,12027,De Soto,FL
332,12029,Dixie,FL
333,12031,Duval,FL
334,12033,Escambia,FL
335,12035,Flagler,FL
336,12037,Franklin,FL
337,12039,Gadsden,FL
338,12041,Gilchrist,FL
339,12043,Glades,FL
340,12045,Gulf,FL
341,12047,Hamilton,FL
342,12049,Hardee,FL
343,12051,Hendry,FL
344,12053,Hernando,FL
345,12055,Highlands,FL
346,12057,Hillsborough,FL
347,12059,Holmes,FL
348,12061,Indian River,FL
349,12063,Jackson,FL
350,12065,Jefferson,FL
351,12067,Lafayette,FL
352,12069,Lake,FL
353,12071,Lee,FL
354,12073,Leon,FL
355,12075,Levy,FL
356,12077,Liberty,FL
357,12079,Madison,FL
358,12081,Manatee,FL
359,12083,Marion,FL
360,12085,Martin,FL
361,12087,Monroe,FL
362,12089,Nassau,FL
363,12091,Okaloosa,FL
364,12093,Okeechobee,FL
365,12095,Orange,FL
366,12097,Osceola,FL
367,12099,Palm Beach,FL
368,12101,Pasco,FL
369,12103,Pinellas,FL
370,12105,Polk,FL
371,12107,Putnam,FL
372,12109,St Johns,FL
373,12111,St Lucie,FL
374,12113,Santa Rosa,FL
375,12115,Sarasota,FL
376,12117,Seminole,FL
377,12119,Sumter,FL
378,12121,Suwannee,FL
379,12123,Taylor,FL
380,12125,Union,FL
381,12127,Volusia,FL
382,12129,Wakulla,FL
383,12131,Walton,FL
384,12133,Washington,FL
385,13001,Appling,GA
386,13003,Atkinson,GA
387,13005,Bacon,GA
388,13007,Baker,GA
389,13009,Baldwin,GA
390,13011,Banks,GA
391,13013,Barrow,GA
392,13015,Bartow,GA
393,13017,Ben Hill,GA
394,13019,Berrien,GA
395,13021,Bibb,GA
396,13023,Bleckley,GA
397,13025,Brantley,GA
398,13027,Brooks,GA
399,13029,Bryan,GA
400,13031,Bulloch,GA
401,13033,Burke,GA
402,13035,Butts,GA
403,13037,Calhoun,GA
404,13039,Camden,GA
405,13043,Candler,GA
406,13045,Carroll,GA
407,13047,Catoosa,GA
408,13049,Charlton,GA
409,13051,Chatham,GA
410,13053,Chattahoochee,GA
411,13055,Chattooga,GA
412,13057,Cherokee,GA
413,13059,Clarke,GA
414,13061,Clay,GA
415,13063,Clayton,GA
416,13065,Clinch,GA
417,13067,Cobb,GA
418,13069,Coffee,GA
419,13071,Colquitt,GA
420,13073,Columbia,GA
421,13075,Cook,GA
422,13077,Coweta,GA
423,13079,Crawford,GA
424,13081,Crisp,GA
425,13083,Dade,GA
426,13085,Dawson,GA
427,13087,Decatur,GA
428,13089,De Kalb,GA
429,13091,Dodge,GA
430,13093,Dooly,GA
431,13095,Dougherty,GA
432,13097,Douglas,GA
433,13099,Early,GA
434,13101,Echols,GA
435,13103,Effingham,GA
436,13105,Elbert,GA
437,13107,Emanuel,GA
438,13109,Evans,GA
439,13111,Fannin,GA
440,13113,Fayette,GA
441,13115,Floyd,GA
442,13117,Forsyth,GA
443,13119,Franklin,GA
444,13121,Fulton,GA
445,13123,Gilmer,GA
446,13125,Glascock,GA
447,13127,Glynn,GA
448,13129,Gordon,GA
449,13131,Grady,GA
450,13133,Greene,GA
451,13135,Gwinnett,GA
452,13137,Habersham,GA
453,13139,Hall,GA
454,13141,Hancock,GA
455,13143,Haralson,GA
456,13145,Harris,GA
457,13147,Hart,GA
458,13149,Heard,GA
459,13151,Henry,GA
460,13153,Houston,GA
461,13155,Irwin,GA
462,13157,Jackson,GA
463,13159,Jasper,GA
464,13161,Jeff Davis,GA
465,13163,Jefferson,GA
466,13165,Jenkins,GA
467,13167,Johnson,GA
468,13169,Jones,GA
469,13171,Lamar,GA
470,13173,Lanier,GA
471,13175,Laurens,GA
472,13177,Lee,GA
473,13179,Liberty,GA
474,13181,Lincoln,GA
475,13183,Long,GA
476,13185,Lowndes,GA
477,13187,Lumpkin,GA
478,13189,McDuffie,GA
479,13191,McIntosh,GA
480,13193,Macon,GA
481,13195,Madison,GA
482,13197,Marion,GA
483,13199,Meriwether,GA
484,13201,Miller,GA
485,13205,Mitchell,GA
486,13207,Monroe,GA
487,13209,Montgomery,GA
488,13211,Morgan,GA
489,13213,Murray,GA
490,13215,Muscogee,GA
491,13217,Newton,GA
492,13219,Oconee,GA
493,13221,Oglethorpe,GA
494,13223,Paulding,GA
495,13225,Peach,GA
496,13227,Pickens,GA
497,13229,Pierce,GA
498,13231,Pike,GA
499,13233,Polk,GA
500,13235,Pulaski,GA
501,13237,Putnam,GA
502,13239,Quitman,GA
503,13241,Rabun,GA
504,13243,Randolph,GA
505,13245,Richmond,GA
506,13247,Rockdale,GA
507,13249,Schley,GA
508,13251,Screven,GA
509,13253,Seminole,GA
510,13255,Spalding,GA
511,13257,Stephens,GA
512,13259,Stewart,GA
513,13261,Sumter,GA
514,13263,Talbot,GA
515,13265,Taliaferro,GA
516,13267,Tattnall,GA
517,13269,Taylor,GA
518,13271,Telfair,GA
519,13273,Terrell,GA
520,13275,Thomas,GA
521,13277,Tift,GA
522,13279,Toombs,GA
523,13281,Towns,GA
524,13283,Treutlen,GA
525,13285,Troup,GA
526,13287,Turner,GA
527,13289,Twiggs,GA
528,13291,Union,GA
529,13293,Upson,GA
530,13295,Walker,GA
531,13297,Walton,GA
532,13299,Ware,GA
533,13301,Warren,GA
534,13303,Washington,GA
535,13305,Wayne,GA
536,13307,Webster,GA
537,13309,Wheeler,GA
538,13311,White,GA
539,13313,Whitfield,GA
540,13315,Wilcox,GA
541,13317,Wilkes,GA
542,13319,Wilkinson,GA
543,13321,Worth,GA
544,15001,Hawaii,HI
545,15003,Honolulu,HI
546,15007,Kauai,HI
547,15009,Maui,HI
548,16001,Ada,ID
549,16003,Adams,ID
550,16005,Bannock,ID
551,16007,Bear Lake,ID
552,16009,Benewah,ID
553,16011,Bingham,ID
554,16013,Blaine,ID
555,16015,Boise,ID
556,16017,Bonner,ID
557,16019,Bonneville,ID
558,16021,Boundary,ID
559,16023,Butte,ID
560,16025,Camas,ID
561,16027,Canyon,ID
562,16029,Caribou,ID
563,16031,Cassia,ID
564,16033,Clark,ID
565,16035,Clearwater,ID
566,16037,Custer,ID
567,16039,Elmore,ID
568,16041,Franklin,ID
569,16043,Fremont,ID
570,16045,Gem,ID
571,16047,Gooding,ID
572,16049,Idaho,ID
573,16051,Jefferson,ID
574,16053,Jerome,ID
575,16055,Kootenai,ID
576,16057,Latah,ID
577,16059,Lemhi,ID
578,16061,Lewis,ID
579,16063,Lincoln,ID
580,16065,Madison,ID
581,16067,Minidoka,ID
582,16069,Nez Perce,ID
583,16071,Oneida,ID
584,16073,Owyhee,ID
585,16075,Payette,ID
586,16077,Power,ID
587,16079,Shoshone,ID
588,16081,Teton,ID
589,16083,Twin Falls,ID
590,16085,Valley,ID
591,16087,Washington,ID
592,17001,Adams,IL
593,17003,Alexander,IL
594,17005,Bond,IL
595,17007,Boone,IL
596,17009,Brown,IL
597,17011,Bureau,IL
598,17013,Calhoun,IL
599,17015,Carroll,IL
600,17017,Cass,IL
601,17019,Champaign,IL
602,17021,Christian,IL
603,17023,Clark,IL
604,17025,Clay,IL
605,17027,Clinton,IL
606,17029,Coles,IL
607,17031,Cook,IL
608,17033,Crawford,IL
609,17035,Cumberland,IL
610,17037,De Kalb,IL
611,17039,De Witt,IL
612,17041,Douglas,IL
613,17043,Du Page,IL
614,17045,Edgar,IL
615,17047,Edwards,IL
616,17049,Effingham,IL
617,17051,Fayette,IL
618,17053,Ford,IL
619,17055,Franklin,IL
620,17057,Fulton,IL
621,17059,Gallatin,IL
622,17061,Greene,IL
623,17063,Grundy,IL
624,17065,Hamilton,IL
625,17067,Hancock,IL
626,17069,Hardin,IL
627,17071,Henderson,IL
628,17073,Henry,IL
629,17075,Iroquois,IL
630,17077,Jackson,IL
631,17079,Jasper,IL
632,17081,Jefferson,IL
633,17083,Jersey,IL
634,17085,Jo Daviess,IL
635,17087,Johnson,IL
636,17089,Kane,IL
637,17091,Kankakee,IL
638,17093,Kendall,IL
639,17095,Knox,IL
640,17097,Lake,IL
641,17099,La Salle,IL
642,17101,Lawrence,IL
643,17103,Lee,IL
644,17105,Livingston,IL
645,17107,Logan,IL
646,17109,McDonough,IL
647,17111,McHenry,IL
648,17113,McLean,IL
649,17115,Macon,IL
650,17117,Macoupin,IL
651,17119,Madison,IL
652,17121,Marion,IL
653,17123,Marshall,IL
654,17125,Mason,IL
655,17127,Massac,IL
656,17129,Menard,IL
657,17131,Mercer,IL
658,17133,Monroe,IL
659,17135,Montgomery,IL
660,17137,Morgan,IL
661,17139,Moultrie,IL
662,17141,Ogle,IL
663,17143,Peoria,IL
664,17145,Perry,IL
665,17147,Piatt,IL
666,17149,Pike,IL
667,17151,Pope,IL
668,17153,Pulaski,IL
669,17155,Putnam,IL
670,17157,Randolph,IL
671,17159,Richland,IL
672,17161,Rock Island,IL
673,17163,St Clair,IL
674,17165,Saline,IL
675,17167,Sangamon,IL
676,17169,Schuyler,IL
677,17171,Scott,IL
678,17173,Shelby,IL
679,17175,Stark,IL
680,17177,Stephenson,IL
681,17179,Tazewell,IL
682,17181,Union,IL
683,17183,Vermilion,IL
684,17185,Wabash,IL
685,17187,Warren,IL
686,17189,Washington,IL
687,17191,Wayne,IL
688,17193,White,IL
689,17195,Whiteside,IL
690,17197,Will,IL
691,17199,Williamson,IL
692,17201,Winnebago,IL
693,17203,Woodford,IL
694,18001,Adams,IN
695,18003,Allen,IN
696,18005,Bartholomew,IN
697,18007,Benton,IN
698,18009,Blackford,IN
699,18011,Boone,IN
700,18013,Brown,IN
701,18015,Carroll,IN
702,18017,Cass,IN
703,18019,Clark,IN
704,18021,Clay,IN
705,18023,Clinton,IN
706,18025,Crawford,IN
707,18027,Daviess,IN
708,18029,Dearborn,IN
709,18031,Decatur,IN
710,18033,De Kalb,IN
711,18035,Delaware,IN
712,18037,Dubois,IN
713,18039,Elkhart,IN
714,18041,Fayette,IN
715,18043,Floyd,IN
716,18045,Fountain,IN
717,18047,Franklin,IN
718,18049,Fulton,IN
719,18051,Gibson,IN
720,18053,Grant,IN
721,18055,Greene,IN
722,18057,Hamilton,IN
723,18059,Hancock,IN
724,18061,Harrison,IN
725,18063,Hendricks,IN
726,18065,Henry,IN
727,18067,Howard,IN
728,18069,Huntington,IN
729,18071,Jackson,IN
730,18073,Jasper,IN
731,18075,Jay,IN
732,18077,Jefferson,IN
733,18079,Jennings,IN
734,18081,Johnson,IN
735,18083,Knox,IN
736,18085,Kosciusko,IN
737,18087,La Grange,IN
738,18089,Lake,IN
739,18091,La Porte,IN
740,18093,Lawrence,IN
741,18095,Madison,IN
742,18097,Marion,IN
743,18099,Marshall,IN
744,18101,Martin,IN
745,18103,Miami,IN
746,18105,Monroe,IN
747,18107,Montgomery,IN
748,18109,Morgan,IN
749,18111,Newton,IN
750,18113,Noble,IN
751,18115,Ohio,IN
752,18117,Orange,IN
753,18119,Owen,IN
754,18121,Parke,IN
755,18123,Perry,IN
756,18125,Pike,IN
757,18127,Porter,IN
758,18129,Posey,IN
759,18131,Pulaski,IN
760,18133,Putnam,IN
761,18135,Randolph,IN
762,18137,Ripley,IN
763,18139,Rush,IN
764,18141,St Joseph,IN
765,18143,Scott,IN
766,18145,Shelby,IN
767,18147,Spencer,IN
768,18149,Starke,IN
769,18151,Steuben,IN
770,18153,Sullivan,IN
771,18155,Switzerland,IN
772,18157,Tippecanoe,IN
773,18159,Tipton,IN
774,18161,Union,IN
775,18163,Vanderburgh,IN
776,18165,Vermillion,IN
777,18167,Vigo,IN
778,18169,Wabash,IN
779,18171,Warren,IN
780,18173,Warrick,IN
781,18175,Washington,IN
782,18177,Wayne,IN
783,18179,Wells,IN
784,18181,White,IN
785,18183,Whitley,IN
786,19001,Adair,IA
787,19003,Adams,IA
788,19005,Allamakee,IA
789,19007,Appanoose,IA
790,19009,Audubon,IA
791,19011,Benton,IA
792,19013,Black Hawk,IA
793,19015,Boone,IA
794,19017,Bremer,IA
795,19019,Buchanan,IA
796,19021,Buena Vista,IA
797,19023,Butler,IA
798,19025,Calhoun,IA
799,19027,Carroll,IA
800,19029,Cass,IA
801,19031,Cedar,IA
802,19033,Cerro Gordo,IA
803,19035,Cherokee,IA
804,19037,Chickasaw,IA
805,19039,Clarke,IA
806,19041,Clay,IA
807,19043,Clayton,IA
808,19045,Clinton,IA
809,19047,Crawford,IA
810,19049,Dallas,IA
811,19051,Davis,IA
812,19053,Decatur,IA
813,19055,Delaware,IA
814,19057,Des Moines,IA
815,19059,Dickinson,IA
816,19061,Dubuque,IA
817,19063,Emmet,IA
818,19065,Fayette,IA
819,19067,Floyd,IA
820,19069,Franklin,IA
821,19071,Fremont,IA
822,19073,Greene,IA
823,19075,Grundy,IA
824,19077,Guthrie,IA
825,19079,Hamilton,IA
826,19081,Hancock,IA
827,19083,Hardin,IA
828,19085,Harrison,IA
829,19087,Henry,IA
830,19089,Howard,IA
831,19091,Humboldt,IA
832,19093,Ida,IA
833,19095,Iowa,IA
834,19097,Jackson,IA
835,19099,Jasper,IA
836,19101,Jefferson,IA
837,19103,Johnson,IA
838,19105,Jones,IA
839,19107,Keokuk,IA
840,19109,Kossuth,IA
841,19111,Lee,IA
842,19113,Linn,IA
843,19115,Louisa,IA
844,19117,Lucas,IA
845,19119,Lyon,IA
846,19121,Madison,IA
847,19123,Mahaska,IA
848,19125,Marion,IA
849,19127,Marshall,IA
850,19129,Mills,IA
851,19131,Mitchell,IA
852,19133,Monona,IA
853,19135,Monroe,IA
854,19137,Montgomery,IA
855,19139,Muscatine,IA
856,19141,O Brien,IA
857,19143,Osceola,IA
858,19145,Page,IA
859,19147,Palo Alto,IA
860,19149,Plymouth,IA
861,19151,Pocahontas,IA
862,19153,Polk,IA
863,19155,Pottawattamie,IA
864,19157,Poweshiek,IA
865,19159,Ringgold,IA
866,19161,Sac,IA
867,19163,Scott,IA
868,19165,Shelby,IA
869,19167,Sioux,IA
870,19169,Story,IA
871,19171,Tama,IA
872,19173,Taylor,IA
873,19175,Union,IA
874,19177,Van Buren,IA
875,19179,Wapello,IA
876,19181,Warren,IA
877,19183,Washington,IA
878,19185,Wayne,IA
879,19187,Webster,IA
880,19189,Winnebago,IA
881,19191,Winneshiek,IA
882,19193,Woodbury,IA
883,19195,Worth,IA
884,19197,Wright,IA
885,20001,Allen,KS
886,20003,Anderson,KS
887,20005,Atchison,KS
888,20007,Barber,KS
889,20009,Barton,KS
890,20011,Bourbon,KS
891,20013,Brown,KS
892,20015,Butler,KS
893,20017,Chase,KS
894,20019,Chautauqua,KS
895,20021,Cherokee,KS
896,20023,Cheyenne,KS
897,20025,Clark,KS
898,20027,Clay,KS
899,20029,Cloud,KS
900,20031,Coffey,KS
901,20033,Comanche,KS
902,20035,Cowley,KS
903,20037,Crawford,KS
904,20039,Decatur,KS
905,20041,Dickinson,KS
906,20043,Doniphan,KS
907,20045,Douglas,KS
908,20047,Edwards,KS
909,20049,Elk,KS
910,20051,Ellis,KS
911,20053,Ellsworth,KS
912,20055,Finney,KS
913,20057,Ford,KS
914,20059,Franklin,KS
915,20061,Geary,KS
916,20063,Gove,KS
917,20065,Graham,KS
918,20067,Grant,KS
919,20069,Gray,KS
920,20071,Greeley,KS
921,20073,Greenwood,KS
922,20075,Hamilton,KS
923,20077,Harper,KS
924,20079,Harvey,KS
925,20081,Haskell,KS
926,20083,Hodgeman,KS
927,20085,Jackson,KS
928,20087,Jefferson,KS
929,20089,Jewell,KS
930,20091,Johnson,KS
931,20093,Kearny,KS
932,20095,Kingman,KS
933,20097,Kiowa,KS
934,20099,Labette,KS
935,20101,Lane,KS
936,20103,Leavenworth,KS
937,20105,Lincoln,KS
938,20107,Linn,KS
939,20109,Logan,KS
940,20111,Lyon,KS
941,20113,McPherson,KS
942,20115,Marion,KS
943,20117,Marshall,KS
944,20119,Meade,KS
945,20121,Miami,KS
946,20123,Mitchell,KS
947,20125,Montgomery,KS
948,20127,Morris,KS
949,20129,Morton,KS
950,20131,Nemaha,KS
951,20133,Neosho,KS
952,20135,Ness,KS
953,20137,Norton,KS
954,20139,Osage,KS
955,20141,Osborne,KS
956,20143,Ottawa,KS
957,20145,Pawnee,KS
958,20147,Phillips,KS
959,20149,Pottawatomie,KS
960,20151,Pratt,KS
961,20153,Rawlins,KS
962,20155,Reno,KS
963,20157,Republic,KS
964,20159,Rice,KS
965,20161,Riley,KS
966,20163,Rooks,KS
967,20165,Rush,KS
968,20167,Russell,KS
969,20169,Saline,KS
970,20171,Scott,KS
971,20173,Sedgwick,KS
972,20175,Seward,KS
973,20177,Shawnee,KS
974,20179,Sheridan,KS
975,20181,Sherman,KS
976,20183,Smith,KS
977,20185,Stafford,KS
978,20187,Stanton,KS
979,20189,Stevens,KS
980,20191,Sumner,KS
981,20193,Thomas,KS
982,20195,Trego,KS
983,20197,Wabaunsee,KS
984,20199,Wallace,KS
985,20201,Washington,KS
986,20203,Wichita,KS
987,20205,Wilson,KS
988,20207,Woodson,KS
989,20209,Wyandotte,KS
990,21001,Adair,KY
991,21003,Allen,KY
992,21005,Anderson,KY
993,21007,Ballard,KY
994,21009,Barren,KY
995,21011,Bath,KY
996,21013,Bell,KY
997,21015,Boone,KY
998,21017,Bourbon,KY
999,21019,Boyd,KY
1000,21021,Boyle,KY
1001,21023,Bracken,KY
1002,21025,Breathitt,KY
1003,21027,Breckinridge,KY
1004,21029,Bullitt,KY
1005,21031,Butler,KY
1006,21033,Caldwell,KY
1007,21035,Calloway,KY
1008,21037,Campbell,KY
1009,21039,Carlisle,KY
1010,21041,Carroll,KY
1011,21043,Carter,KY
1012,21045,Casey,KY
1013,21047,Christian,KY
1014,21049,Clark,KY
1015,21051,Clay,KY
1016,21053,Clinton,KY
1017,21055,Crittenden,KY
1018,21057,Cumberland,KY
1019,21059,Daviess,KY
1020,21061,Edmonson,KY
1021,21063,Elliott,KY
1022,21065,Estill,KY
1023,21067,Fayette,KY
1024,21069,Fleming,KY
1025,21071,Floyd,KY
1026,21073,Franklin,KY
1027,21075,Fulton,KY
1028,21077,Gallatin,KY
1029,21079,Garrard,KY
1030,21081,Grant,KY
1031,21083,Graves,KY
1032,21085,Grayson,KY
1033,21087,Green,KY
1034,21089,Greenup,KY
1035,21091,Hancock,KY
1036,21093,Hardin,KY
1037,21095,Harlan,KY
1038,21097,Harrison,KY
1039,21099,Hart,KY
1040,21101,Henderson,KY
1041,21103,Henry,KY
1042,21105,Hickman,KY
1043,21107,Hopkins,KY
1044,21109,Jackson,KY
1045,21111,Jefferson,KY
1046,21113,Jessamine,KY
1047,21115,Johnson,KY
1048,21117,Kenton,KY
1049,21119,Knott,KY
1050,21121,Knox,KY
1051,21123,Larue,KY
1052,21125,Laurel,KY
1053,21127,Lawrence,KY
1054,21129,Lee,KY
1055,21131,Leslie,KY
1056,21133,Letcher,KY
1057,21135,Lewis,KY
1058,21137,Lincoln,KY
1059,21139,Livingston,KY
1060,21141,Logan,KY
1061,21143,Lyon,KY
1062,21145,McCracken,KY
1063,21147,McCreary,KY
1064,21149,McLean,KY
1065,21151,Madison,KY
1066,21153,Magoffin,KY
1067,21155,Marion,KY
1068,21157,Marshall,KY
1069,21159,Martin,KY
1070,21161,Mason,KY
1071,21163,Meade,KY
1072,21165,Menifee,KY
1073,21167,Mercer,KY
1074,21169,Metcalfe,KY
1075,21171,Monroe,KY
1076,21173,Montgomery,KY
1077,21175,Morgan,KY
1078,21177,Muhlenberg,KY
1079,21179,Nelson,KY
1080,21181,Nicholas,KY
1081,21183,Ohio,KY
1082,21185,Oldham,KY
1083,21187,Owen,KY
1084,21189,Owsley,KY
1085,21191,Pendleton,KY
1086,21193,Perry,KY
1087,21195,Pike,KY
1088,21197,Powell,KY
1089,21199,Pulaski,KY
1090,21201,Robertson,KY
1091,21203,Rockcastle,KY
1092,21205,Rowan,KY
1093,21207,Russell,KY
1094,21209,Scott,KY
1095,21211,Shelby,KY
1096,21213,Simpson,KY
1097,21215,Spencer,KY
1098,21217,Taylor,KY
1099,21219,Todd,KY
1100,21221,Trigg,KY
1101,21223,Trimble,KY
1102,21225,Union,KY
1103,21227,Warren,KY
1104,21229,Washington,KY
1105,21231,Wayne,KY
1106,21233,Webster,KY
1107,21235,Whitley,KY
1108,21237,Wolfe,KY
1109,21239,Woodford,KY
1110,22001,Acadia,LA
1111,22003,Allen,LA
1112,22005,Ascension,LA
1113,22007,Assumption,LA
1114,22009,Avoyelles,LA
1115,22011,Beauregard,LA
1116,22013,Bienville,LA
1117,22015,Bossier,LA
1118,22017,Caddo,LA
1119,22019,Calcasieu,LA
1120,22021,Caldwell,LA
1121,22023,Cameron,LA
1122,22025,Catahoula,LA
1123,22027,Claiborne,LA
1124,22029,Concordia,LA
1125,22031,De Soto,LA
1126,22033,East Baton Rouge,LA
1127,22035,East Carroll,LA
1128,22037,East Feliciana,LA
1129,22039,Evangeline,LA
1130,22041,Franklin,LA
1131,22043,Grant,LA
1132,22045,Iberia,LA
1133,22047,Iberville,LA
1134,22049,Jackson,LA
1135,22051,Jefferson,LA
1136,22053,Jefferson Davis,LA
1137,22055,Lafayette,LA
1138,22057,Lafourche,LA
1139,22059,La Salle,LA
1140,22061,Lincoln,LA
1141,22063,Livingston,LA
1142,22065,Madison,LA
1143,22067,Morehouse,LA
1144,22069,Natchitoches,LA
1145,22071,Orleans,LA
1146,22073,Ouachita,LA
1147,22075,Plaquemines,LA
1148,22077,Pointe Coupee,LA
1149,22079,Rapides,LA
1150,22081,Red River,LA
1151,22083,Richland,LA
1152,22085,Sabine,LA
1153,22087,St Bernard,LA
1154,22089,St Charles,LA
1155,22091,St Helena,LA
1156,22093,St James,LA
1157,22095,St John the Baptist,LA
1158,22097,St Landry,LA
1159,22099,St Martin,LA
1160,22101,St Mary,LA
1161,22103,St Tammany,LA
1162,22105,Tangipahoa,LA
1163,22107,Tensas,LA
1164,22109,Terrebonne,LA
1165,22111,Union,LA
1166,22113,Vermilion,LA
1167,22115,Vernon,LA
1168,22117,Washington,LA
1169,22119,Webster,LA
1170,22121,West Baton Rouge,LA
1171,22123,West Carroll,LA
1172,22125,West Feliciana,LA
1173,22127,Winn,LA
1174,23001,Androscoggin,ME
1175,23003,Aroostook,ME
1176,23005,Cumberland,ME
1177,23007,Franklin,ME
1178,23009,Hancock,ME
1179,23011,Kennebec,ME
1180,23013,Knox,ME
1181,23015,Lincoln,ME
1182,23017,Oxford,ME
1183,23019,Penobscot,ME
1184,23021,Piscataquis,ME
1185,23023,Sagadahoc,ME
1186,23025,Somerset,ME
1187,23027,Waldo,ME
1188,23029,Washington,ME
1189,23031,York,ME
1190,24001,Allegany,MD
1191,24003,Anne Arundel,MD
1192,24005,Baltimore,MD
1193,24009,Calvert,MD
1194,24011,Caroline,MD
1195,24013,Carroll,MD
1196,24015,Cecil,MD
1197,24017,Charles,MD
1198,24019,Dorchester,MD
1199,24021,Frederick,MD
1200,24023,Garrett,MD
1201,24025,Harford,MD
1202,24027,Howard,MD
1203,24029,Kent,MD
1204,24031,Montgomery,MD
1205,24033,Prince Georges,MD
1206,24035,Queen Annes,MD
1207,24037,St Marys,MD
1208,24039,Somerset,MD
1209,24041,Talbot,MD
1210,24043,Washington,MD
1211,24045,Wicomico,MD
1212,24047,Worcester,MD
1213,24510,Baltimore City,MD
1214,25001,Barnstable,MA
1215,25003,Berkshire,MA
1216,25005,Bristol,MA
1217,25007,Dukes,MA
1218,25009,Essex,MA
1219,25011,Franklin,MA
1220,25013,Hampden,MA
1221,25015,Hampshire,MA
1222,25017,Middlesex,MA
1223,25019,Nantucket,MA
1224,25021,Norfolk,MA
1225,25023,Plymouth,MA
1226,25025,Suffolk,MA
1227,25027,Worcester,MA
1228,26001,Alcona,MI
1229,26003,Alger,MI
1230,26005,Allegan,MI
1231,26007,Alpena,MI
1232,26009,Antrim,MI
1233,26011,Arenac,MI
1234,26013,Baraga,MI
1235,26015,Barry,MI
1236,26017,Bay,MI
1237,26019,Benzie,MI
1238,26021,Berrien,MI
1239,26023,Branch,MI
1240,26025,Calhoun,MI
1241,26027,Cass,MI
1242,26029,Charlevoix,MI
1243,26031,Cheboygan,MI
1244,26033,Chippewa,MI
1245,26035,Clare,MI
1246,26037,Clinton,MI
1247,26039,Crawford,MI
1248,26041,Delta,MI
1249,26043,Dickinson,MI
1250,26045,Eaton,MI
1251,26047,Emmet,MI
1252,26049,Genesee,MI
1253,26051,Gladwin,MI
1254,26053,Gogebic,MI
1255,26055,Grand Traverse,MI
1256,26057,Gratiot,MI
1257,26059,Hillsdale,MI
1258,26061,Houghton,MI
1259,26063,Huron,MI
1260,26065,Ingham,MI
1261,26067,Ionia,MI
1262,26069,Iosco,MI
1263,26071,Iron,MI
1264,26073,Isabella,MI
1265,26075,Jackson,MI
1266,26077,Kalamazoo,MI
1267,26079,Kalkaska,MI
1268,26081,Kent,MI
1269,26083,Keweenaw,MI
1270,26085,Lake,MI
1271,26087,Lapeer,MI
1272,26089,Leelanau,MI
1273,26091,Lenawee,MI
1274,26093,Livingston,MI
1275,26095,Luce,MI
1276,26097,Mackinac,MI
1277,26099,Macomb,MI
1278,26101,Manistee,MI
1279,26103,Marquette,MI
1280,26105,Mason,MI
1281,26107,Mecosta,MI
1282,26109,Menominee,MI
1283,26111,Midland,MI
1284,26113,Missaukee,MI
1285,26115,Monroe,MI
1286,26117,Montcalm,MI
1287,26119,Montmorency,MI
1288,26121,Muskegon,MI
1289,26123,Newaygo,MI
1290,26125,Oakland,MI
1291,26127,Oceana,MI
1292,26129,Ogemaw,MI
1293,26131,Ontonagon,MI
1294,26133,Osceola,MI
1295,26135,Oscoda,MI
1296,26137,Otsego,MI
1297,26139,Ottawa,MI
1298,26141,Presque Isle,MI
1299,26143,Roscommon,MI
1300,26145,Saginaw,MI
1301,26147,St Clair,MI
1302,26149,St Joseph,MI
1303,26151,Sanilac,MI
1304,26153,Schoolcraft,MI
1305,26155,Shiawassee,MI
1306,26157,Tuscola,MI
1307,26159,Van Buren,MI
1308,26161,Washtenaw,MI
1309,26163,Wayne,MI
1310,26165,Wexford,MI
1311,27001,Aitkin,MN
1312,27003,Anoka,MN
1313,27005,Becker,MN
1314,27007,Beltrami,MN
1315,27009,Benton,MN
1316,27011,Big Stone,MN
1317,27013,Blue Earth,MN
1318,27015,Brown,MN
1319,27017,Carlton,MN
1320,27019,Carver,MN
1321,27021,Cass,MN
1322,27023,Chippewa,MN
1323,27025,Chisago,MN
1324,27027,Clay,MN
1325,27029,Clearwater,MN
1326,27031,Cook,MN
1327,27033,Cottonwood,MN
1328,27035,Crow Wing,MN
1329,27037,Dakota,MN
1330,27039,Dodge,MN
1331,27041,Douglas,MN
1332,27043,Faribault,MN
1333,27045,Fillmore,MN
1334,27047,Freeborn,MN
1335,27049,Goodhue,MN
1336,27051,Grant,MN
1337,27053,Hennepin,MN
1338,27055,Houston,MN
1339,27057,Hubbard,MN
1340,27059,Isanti,MN
1341,27061,Itasca,MN
1342,27063,Jackson,MN
1343,27065,Kanabec,MN
1344,27067,Kandiyohi,MN
1345,27069,Kittson,MN
1346,27071,Koochiching,MN
1347,27073,Lac qui Parle,MN
1348,27075,Lake,MN
1349,27077,Lake of the Woods,MN
1350,27079,Le Sueur,MN
1351,27081,Lincoln,MN
1352,27083,Lyon,MN
1353,27085,McLeod,MN
1354,27087,Mahnomen,MN
1355,27089,Marshall,MN
1356,27091,Martin,MN
1357,27093,Meeker,MN
1358,27095,Mille Lacs,MN
1359,27097,Morrison,MN
1360,27099,Mower,MN
1361,27101,Murray,MN
1362,27103,Nicollet,MN
1363,27105,Nobles,MN
1364,27107,Norman,MN
1365,27109,Olmsted,MN
1366,27111,Otter Tail,MN
1367,27113,Pennington,MN
1368,27115,Pine,MN
1369,27117,Pipestone,MN
1370,27119,Polk,MN
1371,27121,Pope,MN
1372,27123,Ramsey,MN
1373,27125,Red Lake,MN
1374,27127,Redwood,MN
1375,27129,Renville,MN
1376,27131,Rice,MN
1377,27133,Rock,MN
1378,27135,Roseau,MN
1379,27137,St Louis,MN
1380,27139,Scott,MN
1381,27141,Sherburne,MN
1382,27143,Sibley,MN
1383,27145,Stearns,MN
1384,27147,Steele,MN
1385,27149,Stevens,MN
1386,27151,Swift,MN
1387,27153,Todd,MN
1388,27155,Traverse,MN
1389,27157,Wabasha,MN
1390,27159,Wadena,MN
1391,27161,Waseca,MN
1392,27163,Washington,MN
1393,27165,Watonwan,MN
1394,27167,Wilkin,MN
1395,27169,Winona,MN
1396,27171,Wright,MN
1397,27173,Yellow Medicine,MN
1398,28001,Adams,MS
1399,28003,Alcorn,MS
1400,28005,Amite,MS
1401,28007,Attala,MS
1402,28009,Benton,MS
1403,28011,Bolivar,MS
1404,28013,Calhoun,MS
1405,28015,Carroll,MS
1406,28017,Chickasaw,MS
1407,28019,Choctaw,MS
1408,28021,Claiborne,MS
1409,28023,Clarke,MS
1410,28025,Clay,MS
1411,28027,Coahoma,MS
1412,28029,Copiah,MS
1413,28031,Covington,MS
1414,28033,De Soto,MS
1415,28035,Forrest,MS
1416,28037,Franklin,MS
1417,28039,George,MS
1418,28041,Greene,MS
1419,28043,Grenada,MS
1420,28045,Hancock,MS
1421,28047,Harrison,MS
1422,28049,Hinds,MS
1423,28051,Holmes,MS
1424,28053,Humphreys,MS
1425,28055,Issaquena,MS
1426,28057,Itawamba,MS
1427,28059,Jackson,MS
1428,28061,Jasper,MS
1429,28063,Jefferson,MS
1430,28065,Jefferson Davis,MS
1431,28067,Jones,MS
1432,28069,Kemper,MS
1433,28071,Lafayette,MS
1434,28073,Lamar,MS
1435,28075,Lauderdale,MS
1436,28077,Lawrence,MS
1437,28079,Leake,MS
1438,28081,Lee,MS
1439,28083,Leflore,MS
1440,28085,Lincoln,MS
1441,28087,Lowndes,MS
1442,28089,Madison,MS
1443,28091,Marion,MS
1444,28093,Marshall,MS
1445,28095,Monroe,MS
1446,28097,Montgomery,MS
1447,28099,Neshoba,MS
1448,28101,Newton,MS
1449,28103,Noxubee,MS
1450,28105,Oktibbeha,MS
1451,28107,Panola,MS
1452,28109,Pearl River,MS
1453,28111,Perry,MS
1454,28113,Pike,MS
1455,28115,Pontotoc,MS
1456,28117,Prentiss,MS
1457,28119,Quitman,MS
1458,28121,Rankin,MS
1459,28123,Scott,MS
1460,28125,Sharkey,MS
1461,28127,Simpson,MS
1462,28129,Smith,MS
1463,28131,Stone,MS
1464,28133,Sunflower,MS
1465,28135,Tallahatchie,MS
1466,28137,Tate,MS
1467,28139,Tippah,MS
1468,28141,Tishomingo,MS
1469,28143,Tunica,MS
1470,28145,Union,MS
1471,28147,Walthall,MS
1472,28149,Warren,MS
1473,28151,Washington,MS
1474,28153,Wayne,MS
1475,28155,Webster,MS
1476,28157,Wilkinson,MS
1477,28159,Winston,MS
1478,28161,Yalobusha,MS
1479,28163,Yazoo,MS
1480,29001,Adair,MO
1481,29003,Andrew,MO
1482,29005,Atchison,MO
1483,29007,Audrain,MO
1484,29009,Barry,MO
1485,29011,Barton,MO
1486,29013,Bates,MO
1487,29015,Benton,MO
1488,29017,Bollinger,MO
1489,29019,Boone,MO
1490,29021,Buchanan,MO
1491,29023,Butler,MO
1492,29025,Caldwell,MO
1493,29027,Callaway,MO
1494,29029,Camden,MO
1495,29031,Cape Girardeau,MO
1496,29033,Carroll,MO
1497,29035,Carter,MO
1498,29037,Cass,MO
1499,29039,Cedar,MO
1500,29041,Chariton,MO
1501,29043,Christian,MO
1502,29045,Clark,MO
1503,29047,Clay,MO
1504,29049,Clinton,MO
1505,29051,Cole,MO
1506,29053,Cooper,MO
1507,29055,Crawford,MO
1508,29057,Dade,MO
1509,29059,Dallas,MO
1510,29061,Daviess,MO
1511,29063,De Kalb,MO
1512,29065,Dent,MO
1513,29067,Douglas,MO
1514,29069,Dunklin,MO
1515,29071,Franklin,MO
1516,29073,Gasconade,MO
1517,29075,Gentry,MO
1518,29077,Greene,MO
1519,29079,Grundy,MO
1520,29081,Harrison,MO
1521,29083,Henry,MO
1522,29085,Hickory,MO
1523,29087,Holt,MO
1524,29089,Howard,MO
1525,29091,Howell,MO
1526,29093,Iron,MO
1527,29095,Jackson,MO
1528,29097,Jasper,MO
1529,29099,Jefferson,MO
1530,29101,Johnson,MO
1531,29103,Knox,MO
1532,29105,Laclede,MO
1533,29107,Lafayette,MO
1534,29109,Lawrence,MO
1535,29111,Lewis,MO
1536,29113,Lincoln,MO
1537,29115,Linn,MO
1538,29117,Livingston,MO
1539,29119,McDonald,MO
1540,29121,Macon,MO
1541,29123,Madison,MO
1542,29125,Maries,MO
1543,29127,Marion,MO
1544,29129,Mercer,MO
1545,29131,Miller,MO
1546,29133,Mississippi,MO
1547,29135,Moniteau,MO
1548,29137,Monroe,MO
1549,29139,Montgomery,MO
1550,29141,Morgan,MO
1551,29143,New Madrid,MO
1552,29145,Newton,MO
1553,29147,Nodaway,MO
1554,29149,Oregon,MO
1555,29151,Osage,MO
1556,29153,Ozark,MO
1557,29155,Pemiscot,MO
1558,29157,Perry,MO
1559,29159,Pettis,MO
1560,29161,Phelps,MO
1561,29163,Pike,MO
1562,29165,Platte,MO
1563,29167,Polk,MO
1564,29169,Pulaski,MO
1565,29171,Putnam,MO
1566,29173,Ralls,MO
1567,29175,Randolph,MO
1568,29177,Ray,MO
1569,29179,Reynolds,MO
1570,29181,Ripley,MO
1571,29183,St Charles,MO
1572,29185,St Clair,MO
1573,29186,Ste. Genevieve,MO
1574,29187,St Francois,MO
1575,29189,St Louis,MO
1576,29195,Saline,MO
1577,29197,Schuyler,MO
1578,29199,Scotland,MO
1579,29201,Scott,MO
1580,29203,Shannon,MO
1581,29205,Shelby,MO
1582,29207,Stoddard,MO
1583,29209,Stone,MO
1584,29211,Sullivan,MO
1585,29213,Taney,MO
1586,29215,Texas,MO
1587,29217,Vernon,MO
1588,29219,Warren,MO
1589,29221,Washington,MO
1590,29223,Wayne,MO
1591,29225,Webster,MO
1592,29227,Worth,MO
1593,29229,Wright,MO
1594,29510,St Louis City,MO
1595,30001,Beaverhead,MT
1596,30003,Big Horn,MT
1597,30005,Blaine,MT
1598,30007,Broadwater,MT
1599,30009,Carbon,MT
1600,30011,Carter,MT
1601,30013,Cascade,MT
1602,30015,Chouteau,MT
1603,30017,Custer,MT
1604,30019,Daniels,MT
1605,30021,Dawson,MT
1606,30023,Deer Lodge,MT
1607,30025,Fallon,MT
1608,30027,Fergus,MT
1609,30029,Flathead,MT
1610,30031,Gallatin,MT
1611,30033,Garfield,MT
1612,30035,Glacier,MT
1613,30037,Golden Valley,MT
1614,30039,Granite,MT
1615,30041,Hill,MT
1616,30043,Jefferson,MT
1617,30045,Judith Basin,MT
1618,30047,Lake,MT
1619,30049,Lewis and Clark,MT
1620,30051,Liberty,MT
1621,30053,Lincoln,MT
1622,30055,McCone,MT
1623,30057,Madison,MT
1624,30059,Meagher,MT
1625,30061,Mineral,MT
1626,30063,Missoula,MT
1627,30065,Musselshell,MT
1628,30067,Park,MT
1629,30069,Petroleum,MT
1630,30071,Phillips,MT
1631,30073,Pondera,MT
1632,30075,Powder River,MT
1633,30077,Powell,MT
1634,30079,Prairie,MT
1635,30081,Ravalli,MT
1636,30083,Richland,MT
1637,30085,Roosevelt,MT
1638,30087,Rosebud,MT
1639,30089,Sanders,MT
1640,30091,Sheridan,MT
1641,30093,Silver Bow,MT
1642,30095,Stillwater,MT
1643,30097,Sweet Grass,MT
1644,30099,Teton,MT
1645,30101,Toole,MT
1646,30103,Treasure,MT
1647,30105,Valley,MT
1648,30107,Wheatland,MT
1649,30109,Wibaux,MT
1650,30111,Yellowstone,MT
1651,30113,Yellowstone Nat Park,MT
1652,31001,Adams,NE
1653,31003,Antelope,NE
1654,31005,Arthur,NE
1655,31007,Banner,NE
1656,31009,Blaine,NE
1657,31011,Boone,NE
1658,31013,Box Butte,NE
1659,31015,Boyd,NE
1660,31017,Brown,NE
1661,31019,Buffalo,NE
1662,31021,Burt,NE
1663,31023,Butler,NE
1664,31025,Cass,NE
1665,31027,Cedar,NE
1666,31029,Chase,NE
1667,31031,Cherry,NE
1668,31033,Cheyenne,NE
1669,31035,Clay,NE
1670,31037,Colfax,NE
1671,31039,Cuming,NE
1672,31041,Custer,NE
1673,31043,Dakota,NE
1674,31045,Dawes,NE
1675,31047,Dawson,NE
1676,31049,Deuel,NE
1677,31051,Dixon,NE
1678,31053,Dodge,NE
1679,31055,Douglas,NE
1680,31057,Dundy,NE
1681,31059,Fillmore,NE
1682,31061,Franklin,NE
1683,31063,Frontier,NE
1684,31065,Furnas,NE
1685,31067,Gage,NE
1686,31069,Garden,NE
1687,31071,Garfield,NE
1688,31073,Gosper,NE
1689,31075,Grant,NE
1690,31077,Greeley,NE
1691,31079,Hall,NE
1692,31081,Hamilton,NE
1693,31083,Harlan,NE
1694,31085,Hayes,NE
1695,31087,Hitchcock,NE
1696,31089,Holt,NE
1697,31091,Hooker,NE
1698,31093,Howard,NE
1699,31095,Jefferson,NE
1700,31097,Johnson,NE
1701,31099,Kearney,NE
1702,31101,Keith,NE
1703,31103,Keya Paha,NE
1704,31105,Kimball,NE
1705,31107,Knox,NE
1706,31109,Lancaster,NE
1707,31111,Lincoln,NE
1708,31113,Logan,NE
1709,31115,Loup,NE
1710,31117,McPherson,NE
1711,31119,Madison,NE
1712,31121,Merrick,NE
1713,31123,Morrill,NE
1714,31125,Nance,NE
1715,31127,Nemaha,NE
1716,31129,Nuckolls,NE
1717,31131,Otoe,NE
1718,31133,Pawnee,NE
1719,31135,Perkins,NE
1720,31137,Phelps,NE
1721,31139,Pierce,NE
1722,31141,Platte,NE
1723,31143,Polk,NE
1724,31145,Red Willow,NE
1725,31147,Richardson,NE
1726,31149,Rock,NE
1727,31151,Saline,NE
1728,31153,Sarpy,NE
1729,31155,Saunders,NE
1730,31157,Scotts Bluff,NE
1731,31159,Seward,NE
1732,31161,Sheridan,NE
1733,31163,Sherman,NE
1734,31165,Sioux,NE
1735,31167,Stanton,NE
1736,31169,Thayer,NE
1737,31171,Thomas,NE
1738,31173,Thurston,NE
1739,31175,Valley,NE
1740,31177,Washington,NE
1741,31179,Wayne,NE
1742,31181,Webster,NE
1743,31183,Wheeler,NE
1744,31185,York,NE
1745,32001,Churchill,NV
1746,32003,Clark,NV
1747,32005,Douglas,NV
1748,32007,Elko,NV
1749,32009,Esmeralda,NV
1750,32011,Eureka,NV
1751,32013,Humboldt,NV
1752,32015,Lander,NV
1753,32017,Lincoln,NV
1754,32019,Lyon,NV
1755,32021,Mineral,NV
1756,32023,Nye,NV
1757,32027,Pershing,NV
1758,32029,Storey,NV
1759,32031,Washoe,NV
1760,32033,White Pine,NV
1761,32510,Carson City,NV
1762,33001,Belknap,NH
1763,33003,Carroll,NH
1764,33005,Cheshire,NH
1765,33007,Coos,NH
1766,33009,Grafton,NH
1767,33011,Hillsborough,NH
1768,33013,Merrimack,NH
1769,33015,Rockingham,NH
1770,33017,Strafford,NH
1771,33019,Sullivan,NH
1772,34001,Atlantic,NJ
1773,34003,Bergen,NJ
1774,34005,Burlington,NJ
1775,34007,Camden,NJ
1776,34009,Cape May,NJ
1777,34011,Cumberland,NJ
1778,34013,Essex,NJ
1779,34015,Gloucester,NJ
1780,34017,Hudson,NJ
1781,34019,Hunterdon,NJ
1782,34021,Mercer,NJ
1783,34023,Middlesex,NJ
1784,34025,Monmouth,NJ
1785,34027,Morris,NJ
1786,34029,Ocean,NJ
1787,34031,Passaic,NJ
1788,34033,Salem,NJ
1789,34035,Somerset,NJ
1790,34037,Sussex,NJ
1791,34039,Union,NJ
1792,34041,Warren,NJ
1793,35001,Bernalillo,NM
1794,35003,Catron,NM
1795,35005,Chaves,NM
1796,35006,Cibola,NM
1797,35007,Colfax,NM
1798,35009,Curry,NM
1799,35011,De Baca,NM
1800,35013,Dona Ana,NM
1801,35015,Eddy,NM
1802,35017,Grant,NM
1803,35019,Guadalupe,NM
1804,35021,Harding,NM
1805,35023,Hidalgo,NM
1806,35025,Lea,NM
1807,35027,Lincoln,NM
1808,35028,Los Alamos,NM
1809,35029,Luna,NM
1810,35031,McKinley,NM
1811,35033,Mora,NM
1812,35035,Otero,NM
1813,35037,Quay,NM
1814,35039,Rio Arriba,NM
1815,35041,Roosevelt,NM
1816,35043,Sandoval,NM
1817,35045,San Juan,NM
1818,35047,San Miguel,NM
1819,35049,Santa Fe,NM
1820,35051,Sierra,NM
1821,35053,Socorro,NM
1822,35055,Taos,NM
1823,35057,Torrance,NM
1824,35059,Union,NM
1825,35061,Valencia,NM
1826,36001,Albany,NY
1827,36003,Allegany,NY
1828,36005,Bronx,NY
1829,36007,Broome,NY
1830,36009,Cattaraugus,NY
1831,36011,Cayuga,NY
1832,36013,Chautauqua,NY
1833,36015,Chemung,NY
1834,36017,Chenango,NY
1835,36019,Clinton,NY
1836,36021,Columbia,NY
1837,36023,Cortland,NY
1838,36025,Delaware,NY
1839,36027,Dutchess,NY
1840,36029,Erie,NY
1841,36031,Essex,NY
1842,36033,Franklin,NY
1843,36035,Fulton,NY
1844,36037,Genesee,NY
1845,36039,Greene,NY
1846,36041,Hamilton,NY
1847,36043,Herkimer,NY
1848,36045,Jefferson,NY
1849,36047,Kings,NY
1850,36049,Lewis,NY
1851,36051,Livingston,NY
1852,36053,Madison,NY
1853,36055,Monroe,NY
1854,36057,Montgomery,NY
1855,36059,Nassau,NY
1856,36061,New York,NY
1857,36063,Niagara,NY
1858,36065,Oneida,NY
1859,36067,Onondaga,NY
1860,36069,Ontario,NY
1861,36071,Orange,NY
1862,36073,Orleans,NY
1863,36075,Oswego,NY
1864,36077,Otsego,NY
1865,36079,Putnam,NY
1866,36081,Queens,NY
1867,36083,Rensselaer,NY
1868,36085,Richmond,NY
1869,36087,Rockland,NY
1870,36089,St Lawrence,NY
1871,36091,Saratoga,NY
1872,36093,Schenectady,NY
1873,36095,Schoharie,NY
1874,36097,Schuyler,NY
1875,36099,Seneca,NY
1876,36101,Steuben,NY
1877,36103,Suffolk,NY
1878,36105,Sullivan,NY
1879,36107,Tioga,NY
1880,36109,Tompkins,NY
1881,36111,Ulster,NY
1882,36113,Warren,NY
1883,36115,Washington,NY
1884,36117,Wayne,NY
1885,36119,Westchester,NY
1886,36121,Wyoming,NY
1887,36123,Yates,NY
1888,37001,Alamance,NC
1889,37003,Alexander,NC
1890,37005,Alleghany,NC
1891,37007,Anson,NC
1892,37009,Ashe,NC
1893,37011,Avery,NC
1894,37013,Beaufort,NC
1895,37015,Bertie,NC
1896,37017,Bladen,NC
1897,37019,Brunswick,NC
1898,37021,Buncombe,NC
1899,37023,Burke,NC
1900,37025,Cabarrus,NC
1901,37027,Caldwell,NC
1902,37029,Camden,NC
1903,37031,Carteret,NC
1904,37033,Caswell,NC
1905,37035,Catawba,NC
1906,37037,Chatham,NC
1907,37039,Cherokee,NC
1908,37041,Chowan,NC
1909,37043,Clay,NC
1910,37045,Cleveland,NC
1911,37047,Columbus,NC
1912,37049,Craven,NC
1913,37051,Cumberland,NC
1914,37053,Currituck,NC
1915,37055,Dare,NC
1916,37057,Davidson,NC
1917,37059,Davie,NC
1918,37061,Duplin,NC
1919,37063,Durham,NC
1920,37065,Edgecombe,NC
1921,37067,Forsyth,NC
1922,37069,Franklin,NC
1923,37071,Gaston,NC
1924,37073,Gates,NC
1925,37075,Graham,NC
1926,37077,Granville,NC
1927,37079,Greene,NC
1928,37081,Guilford,NC
1929,37083,Halifax,NC
1930,37085,Harnett,NC
1931,37087,Haywood,NC
1932,37089,Henderson,NC
1933,37091,Hertford,NC
1934,37093,Hoke,NC
1935,37095,Hyde,NC
1936,37097,Iredell,NC
1937,37099,Jackson,NC
1938,37101,Johnston,NC
1939,37103,Jones,NC
1940,37105,Lee,NC
1941,37107,Lenoir,NC
1942,37109,Lincoln,NC
1943,37111,McDowell,NC
1944,37113,Macon,NC
1945,37115,Madison,NC
1946,37117,Martin,NC
1947,37119,Mecklenburg,NC
1948,37121,Mitchell,NC
1949,37123,Montgomery,NC
1950,37125,Moore,NC
1951,37127,Nash,NC
1952,37129,New Hanover,NC
1953,37131,Northampton,NC
1954,37133,Onslow,NC
1955,37135,Orange,NC
1956,37137,Pamlico,NC
1957,37139,Pasquotank,NC
1958,37141,Pender,NC
1959,37143,Perquimans,NC
1960,37145,Person,NC
1961,37147,Pitt,NC
1962,37149,Polk,NC
1963,37151,Randolph,NC
1964,37153,Richmond,NC
1965,37155,Robeson,NC
1966,37157,Rockingham,NC
1967,37159,Rowan,NC
1968,37161,Rutherford,NC
1969,37163,Sampson,NC
1970,37165,Scotland,NC
1971,37167,Stanly,NC
1972,37169,Stokes,NC
1973,37171,Surry,NC
1974,37173,Swain,NC
1975,37175,Transylvania,NC
1976,37177,Tyrrell,NC
1977,37179,Union,NC
1978,37181,Vance,NC
1979,37183,Wake,NC
1980,37185,Warren,NC
1981,37187,Washington,NC
1982,37189,Watauga,NC
1983,37191,Wayne,NC
1984,37193,Wilkes,NC
1985,37195,Wilson,NC
1986,37197,Yadkin,NC
1987,37199,Yancey,NC
1988,38001,Adams,ND
1989,38003,Barnes,ND
1990,38005,Benson,ND
1991,38007,Billings,ND
1992,38009,Bottineau,ND
1993,38011,Bowman,ND
1994,38013,Burke,ND
1995,38015,Burleigh,ND
1996,38017,Cass,ND
1997,38019,Cavalier,ND
1998,38021,Dickey,ND
1999,38023,Divide,ND
2000,38025,Dunn,ND
2001,38027,Eddy,ND
2002,38029,Emmons,ND
2003,38031,Foster,ND
2004,38033,Golden Valley,ND
2005,38035,Grand Forks,ND
2006,38037,Grant,ND
2007,38039,Griggs,ND
2008,38041,Hettinger,ND
2009,38043,Kidder,ND
2010,38045,La Moure,ND
2011,38047,Logan,ND
2012,38049,McHenry,ND
2013,38051,McIntosh,ND
2014,38053,McKenzie,ND
2015,38055,McLean,ND
2016,38057,Mercer,ND
2017,38059,Morton,ND
2018,38061,Mountrail,ND
2019,38063,Nelson,ND
2020,38065,Oliver,ND
2021,38067,Pembina,ND
2022,38069,Pierce,ND
2023,38071,Ramsey,ND
2024,38073,Ransom,ND
2025,38075,Renville,ND
2026,38077,Richland,ND
2027,38079,Rolette,ND
2028,38081,Sargent,ND
2029,38083,Sheridan,ND
2030,38085,Sioux,ND
2031,38087,Slope,ND
2032,38089,Stark,ND
2033,38091,Steele,ND
2034,38093,Stutsman,ND
2035,38095,Towner,ND
2036,38097,Traill,ND
2037,38099,Walsh,ND
2038,38101,Ward,ND
2039,38103,Wells,ND
2040,38105,Williams,ND
2041,39001,Adams,OH
2042,39003,Allen,OH
2043,39005,Ashland,OH
2044,39007,Ashtabula,OH
2045,39009,Athens,OH
2046,39011,Auglaize,OH
2047,39013,Belmont,OH
2048,39015,Brown,OH
2049,39017,Butler,OH
2050,39019,Carroll,OH
2051,39021,Champaign,OH
2052,39023,Clark,OH
2053,39025,Clermont,OH
2054,39027,Clinton,OH
2055,39029,Columbiana,OH
2056,39031,Coshocton,OH
2057,39033,Crawford,OH
2058,39035,Cuyahoga,OH
2059,39037,Darke,OH
2060,39039,Defiance,OH
2061,39041,Delaware,OH
2062,39043,Erie,OH
2063,39045,Fairfield,OH
2064,39047,Fayette,OH
2065,39049,Franklin,OH
2066,39051,Fulton,OH
2067,39053,Gallia,OH
2068,39055,Geauga,OH
2069,39057,Greene,OH
2070,39059,Guernsey,OH
2071,39061,Hamilton,OH
2072,39063,Hancock,OH
2073,39065,Hardin,OH
2074,39067,Harrison,OH
2075,39069,Henry,OH
2076,39071,Highland,OH
2077,39073,Hocking,OH
2078,39075,Holmes,OH
2079,39077,Huron,OH
2080,39079,Jackson,OH
2081,39081,Jefferson,OH
2082,39083,Knox,OH
2083,39085,Lake,OH
2084,39087,Lawrence,OH
2085,39089,Licking,OH
2086,39091,Logan,OH
2087,39093,Lorain,OH
2088,39095,Lucas,OH
2089,39097,Madison,OH
2090,39099,Mahoning,OH
2091,39101,Marion,OH
2092,39103,Medina,OH
2093,39105,Meigs,OH
2094,39107,Mercer,OH
2095,39109,Miami,OH
2096,39111,Monroe,OH
2097,39113,Montgomery,OH
2098,39115,Morgan,OH
2099,39117,Morrow,OH
2100,39119,Muskingum,OH
2101,39121,Noble,OH
2102,39123,Ottawa,OH
2103,39125,Paulding,OH
2104,39127,Perry,OH
2105,39129,Pickaway,OH
2106,39131,Pike,OH
2107,39133,Portage,OH
2108,39135,Preble,OH
2109,39137,Putnam,OH
2110,39139,Richland,OH
2111,39141,Ross,OH
2112,39143,Sandusky,OH
2113,39145,Scioto,OH
2114,39147,Seneca,OH
2115,39149,Shelby,OH
2116,39151,Stark,OH
2117,39153,Summit,OH
2118,39155,Trumbull,OH
2119,39157,Tuscarawas,OH
2120,39159,Union,OH
2121,39161,Van Wert,OH
2122,39163,Vinton,OH
2123,39165,Warren,OH
2124,39167,Washington,OH
2125,39169,Wayne,OH
2126,39171,Williams,OH
2127,39173,Wood,OH
2128,39175,Wyandot,OH
2129,40001,Adair,OK
2130,40003,Alfalfa,OK
2131,40005,Atoka,OK
2132,40007,Beaver,OK
2133,40009,Beckham,OK
2134,40011,Blaine,OK
2135,40013,Bryan,OK
2136,40015,Caddo,OK
2137,40017,Canadian,OK
2138,40019,Carter,OK
2139,40021,Cherokee,OK
2140,40023,Choctaw,OK
2141,40025,Cimarron,OK
2142,40027,Cleveland,OK
2143,40029,Coal,OK
2144,40031,Comanche,OK
2145,40033,Cotton,OK
2146,40035,Craig,OK
2147,40037,Creek,OK
2148,40039,Custer,OK
2149,40041,Delaware,OK
2150,40043,Dewey,OK
2151,40045,Ellis,OK
2152,40047,Garfield,OK
2153,40049,Garvin,OK
2154,40051,Grady,OK
2155,40053,Grant,OK
2156,40055,Greer,OK
2157,40057,Harmon,OK
2158,40059,Harper,OK
2159,40061,Haskell,OK
2160,40063,Hughes,OK
2161,40065,Jackson,OK
2162,40067,Jefferson,OK
2163,40069,Johnston,OK
2164,40071,Kay,OK
2165,40073,Kingfisher,OK
2166,40075,Kiowa,OK
2167,40077,Latimer,OK
2168,40079,Le Flore,OK
2169,40081,Lincoln,OK
2170,40083,Logan,OK
2171,40085,Love,OK
2172,40087,McClain,OK
2173,40089,McCurtain,OK
2174,40091,McIntosh,OK
2175,40093,Major,OK
2176,40095,Marshall,OK
2177,40097,Mayes,OK
2178,40099,Murray,OK
2179,40101,Muskogee,OK
2180,40103,Noble,OK
2181,40105,Nowata,OK
2182,40107,Okfuskee,OK
2183,40109,Oklahoma,OK
2184,40111,Okmulgee,OK
2185,40113,Osage,OK
2186,40115,Ottawa,OK
2187,40117,Pawnee,OK
2188,40119,Payne,OK
2189,40121,Pittsburg,OK
2190,40123,Pontotoc,OK
2191,40125,Pottawatomie,OK
2192,40127,Pushmataha,OK
2193,40129,Roger Mills,OK
2194,40131,Rogers,OK
2195,40133,Seminole,OK
2196,40135,Sequoyah,OK
2197,40137,Stephens,OK
2198,40139,Texas,OK
2199,40141,Tillman,OK
2200,40143,Tulsa,OK
2201,40145,Wagoner,OK
2202,40147,Washington,OK
2203,40149,Washita,OK
2204,40151,Woods,OK
2205,40153,Woodward,OK
2206,41001,Baker,OR
2207,41003,Benton,OR
2208,41005,Clackamas,OR
2209,41007,Clatsop,OR
2210,41009,Columbia,OR
2211,41011,Coos,OR
2212,41013,Crook,OR
2213,41015,Curry,OR
2214,41017,Deschutes,OR
2215,41019,Douglas,OR
2216,41021,Gilliam,OR
2217,41023,Grant,OR
2218,41025,Harney,OR
2219,41027,Hood River,OR
2220,41029,Jackson,OR
2221,41031,Jefferson,OR
2222,41033,Josephine,OR
2223,41035,Klamath,OR
2224,41037,Lake,OR
2225,41039,Lane,OR
2226,41041,Lincoln,OR
2227,41043,Linn,OR
2228,41045,Malheur,OR
2229,41047,Marion,OR
2230,41049,Morrow,OR
2231,41051,Multnomah,OR
2232,41053,Polk,OR
2233,41055,Sherman,OR
2234,41057,Tillamook,OR
2235,41059,Umatilla,OR
2236,41061,Union,OR
2237,41063,Wallowa,OR
2238,41065,Wasco,OR
2239,41067,Washington,OR
2240,41069,Wheeler,OR
2241,41071,Yamhill,OR
2242,42001,Adams,PA
2243,42003,Allegheny,PA
2244,42005,Armstrong,PA
2245,42007,Beaver,PA
2246,42009,Bedford,PA
2247,42011,Berks,PA
2248,42013,Blair,PA
2249,42015,Bradford,PA
2250,42017,Bucks,PA
2251,42019,Butler,PA
2252,42021,Cambria,PA
2253,42023,Cameron,PA
2254,42025,Carbon,PA
2255,42027,Centre,PA
2256,42029,Chester,PA
2257,42031,Clarion,PA
2258,42033,Clearfield,PA
2259,42035,Clinton,PA
2260,42037,Columbia,PA
2261,42039,Crawford,PA
2262,42041,Cumberland,PA
2263,42043,Dauphin,PA
2264,42045,Delaware,PA
2265,42047,Elk,PA
2266,42049,Erie,PA
2267,42051,Fayette,PA
2268,42053,Forest,PA
2269,42055,Franklin,PA
2270,42057,Fulton,PA
2271,42059,Greene,PA
2272,42061,Huntingdon,PA
2273,42063,Indiana,PA
2274,42065,Jefferson,PA
2275,42067,Juniata,PA
2276,42069,Lackawanna,PA
2277,42071,Lancaster,PA
2278,42073,Lawrence,PA
2279,42075,Lebanon,PA
2280,42077,Lehigh,PA
2281,42079,Luzerne,PA
2282,42081,Lycoming,PA
2283,42083,McKean,PA
2284,42085,Mercer,PA
2285,42087,Mifflin,PA
2286,42089,Monroe,PA
2287,42091,Montgomery,PA
2288,42093,Montour,PA
2289,42095,Northampton,PA
2290,42097,Northumberland,PA
2291,42099,Perry,PA
2292,42101,Philadelphia,PA
2293,42103,Pike,PA
2294,42105,Potter,PA
2295,42107,Schuylkill,PA
2296,42109,Snyder,PA
2297,42111,Somerset,PA
2298,42113,Sullivan,PA
2299,42115,Susquehanna,PA
2300,42117,Tioga,PA
2301,42119,Union,PA
2302,42121,Venango,PA
2303,42123,Warren,PA
2304,42125,Washington,PA
2305,42127,Wayne,PA
2306,42129,Westmoreland,PA
2307,42131,Wyoming,PA
2308,42133,York,PA
2309,44001,Bristol,RI
2310,44003,Kent,RI
2311,44005,Newport,RI
2312,44007,Providence,RI
2313,44009,Washington,RI
2314,45001,Abbeville,SC
2315,45003,Aiken,SC
2316,45005,Allendale,SC
2317,45007,Anderson,SC
2318,45009,Bamberg,SC
2319,45011,Barnwell,SC
2320,45013,Beaufort,SC
2321,45015,Berkeley,SC
2322,45017,Calhoun,SC
2323,45019,Charleston,SC
2324,45021,Cherokee,SC
2325,45023,Chester,SC
2326,45025,Chesterfield,SC
2327,45027,Clarendon,SC
2328,45029,Colleton,SC
2329,45031,Darlington,SC
2330,45033,Dillon,SC
2331,45035,Dorchester,SC
2332,45037,Edgefield,SC
2333,45039,Fairfield,SC
2334,45041,Florence,SC
2335,45043,Georgetown,SC
2336,45045,Greenville,SC
2337,45047,Greenwood,SC
2338,45049,Hampton,SC
2339,45051,Horry,SC
2340,45053,Jasper,SC
2341,45055,Kershaw,SC
2342,45057,Lancaster,SC
2343,45059,Laurens,SC
2344,45061,Lee,SC
2345,45063,Lexington,SC
2346,45065,McCormick,SC
2347,45067,Marion,SC
2348,45069,Marlboro,SC
2349,45071,Newberry,SC
2350,45073,Oconee,SC
2351,45075,Orangeburg,SC
2352,45077,Pickens,SC
2353,45079,Richland,SC
2354,45081,Saluda,SC
2355,45083,Spartanburg,SC
2356,45085,Sumter,SC
2357,45087,Union,SC
2358,45089,Williamsburg,SC
2359,45091,York,SC
2360,46003,Aurora,SD
2361,46005,Beadle,SD
2362,46007,Bennett,SD
2363,46009,Bon Homme,SD
2364,46011,Brookings,SD
2365,46013,Brown,SD
2366,46015,Brule,SD
2367,46017,Buffalo,SD
2368,46019,Butte,SD
2369,46021,Campbell,SD
2370,46023,Charles Mix,SD
2371,46025,Clark,SD
2372,46027,Clay,SD
2373,46029,Codington,SD
2374,46031,Corson,SD
2375,46033,Custer,SD
2376,46035,Davison,SD
2377,46037,Day,SD
2378,46039,Deuel,SD
2379,46041,Dewey,SD
2380,46043,Douglas,SD
2381,46045,Edmunds,SD
2382,46047,Fall River,SD
2383,46049,Faulk,SD
2384,46051,Grant,SD
2385,46053,Gregory,SD
2386,46055,Haakon,SD
2387,46057,Hamlin,SD
2388,46059,Hand,SD
2389,46061,Hanson,SD
2390,46063,Harding,SD
2391,46065,Hughes,SD
2392,46067,Hutchinson,SD
2393,46069,Hyde,SD
2394,46071,Jackson,SD
2395,46073,Jerauld,SD
2396,46075,Jones,SD
2397,46077,Kingsbury,SD
2398,46079,Lake,SD
2399,46081,Lawrence,SD
2400,46083,Lincoln,SD
2401,46085,Lyman,SD
2402,46087,McCook,SD
2403,46089,McPherson,SD
2404,46091,Marshall,SD
2405,46093,Meade,SD
2406,46095,Mellette,SD
2407,46097,Miner,SD
2408,46099,Minnehaha,SD
2409,46101,Moody,SD
2410,46103,Pennington,SD
2411,46105,Perkins,SD
2412,46107,Potter,SD
2413,46109,Roberts,SD
2414,46111,Sanborn,SD
2415,46113,Shannon,SD
2416,46115,Spink,SD
2417,46117,Stanley,SD
2418,46119,Sully,SD
2419,46121,Todd,SD
2420,46123,Tripp,SD
2421,46125,Turner,SD
2422,46127,Union,SD
2423,46129,Walworth,SD
2424,46135,Yankton,SD
2425,46137,Ziebach,SD
2426,47001,Anderson,TN
2427,47003,Bedford,TN
2428,47005,Benton,TN
2429,47007,Bledsoe,TN
2430,47009,Blount,TN
2431,47011,Bradley,TN
2432,47013,Campbell,TN
2433,47015,Cannon,TN
2434,47017,Carroll,TN
2435,47019,Carter,TN
2436,47021,Cheatham,TN
2437,47023,Chester,TN
2438,47025,Claiborne,TN
2439,47027,Clay,TN
2440,47029,Cocke,TN
2441,47031,Coffee,TN
2442,47033,Crockett,TN
2443,47035,Cumberland,TN
2444,47037,Davidson,TN
2445,47039,Decatur,TN
2446,47041,De Kalb,TN
2447,47043,Dickson,TN
2448,47045,Dyer,TN
2449,47047,Fayette,TN
2450,47049,Fentress,TN
2451,47051,Franklin,TN
2452,47053,Gibson,TN
2453,47055,Giles,TN
2454,47057,Grainger,TN
2455,47059,Greene,TN
2456,47061,Grundy,TN
2457,47063,Hamblen,TN
2458,47065,Hamilton,TN
2459,47067,Hancock,TN
2460,47069,Hardeman,TN
2461,47071,Hardin,TN
2462,47073,Hawkins,TN
2463,47075,Haywood,TN
2464,47077,Henderson,TN
2465,47079,Henry,TN
2466,47081,Hickman,TN
2467,47083,Houston,TN
2468,47085,Humphreys,TN
2469,47087,Jackson,TN
2470,47089,Jefferson,TN
2471,47091,Johnson,TN
2472,47093,Knox,TN
2473,47095,Lake,TN
2474,47097,Lauderdale,TN
2475,47099,Lawrence,TN
2476,47101,Lewis,TN
2477,47103,Lincoln,TN
2478,47105,Loudon,TN
2479,47107,McMinn,TN
2480,47109,McNairy,TN
2481,47111,Macon,TN
2482,47113,Madison,TN
2483,47115,Marion,TN
2484,47117,Marshall,TN
2485,47119,Maury,TN
2486,47121,Meigs,TN
2487,47123,Monroe,TN
2488,47125,Montgomery,TN
2489,47127,Moore,TN
2490,47129,Morgan,TN
2491,47131,Obion,TN
2492,47133,Overton,TN
2493,47135,Perry,TN
2494,47137,Pickett,TN
2495,47139,Polk,TN
2496,47141,Putnam,TN
2497,47143,Rhea,TN
2498,47145,Roane,TN
2499,47147,Robertson,TN
2500,47149,Rutherford,TN
2501,47151,Scott,TN
2502,47153,Sequatchie,TN
2503,47155,Sevier,TN
2504,47157,Shelby,TN
2505,47159,Smith,TN
2506,47161,Stewart,TN
2507,47163,Sullivan,TN
2508,47165,Sumner,TN
2509,47167,Tipton,TN
2510,47169,Trousdale,TN
2511,47171,Unicoi,TN
2512,47173,Union,TN
2513,47175,Van Buren,TN
2514,47177,Warren,TN
2515,47179,Washington,TN
2516,47181,Wayne,TN
2517,47183,Weakley,TN
2518,47185,White,TN
2519,47187,Williamson,TN
2520,47189,Wilson,TN
2521,48001,Anderson,TX
2522,48003,Andrews,TX
2523,48005,Angelina,TX
2524,48007,Aransas,TX
2525,48009,Archer,TX
2526,48011,Armstrong,TX
2527,48013,Atascosa,TX
2528,48015,Austin,TX
2529,48017,Bailey,TX
2530,48019,Bandera,TX
2531,48021,Bastrop,TX
2532,48023,Baylor,TX
2533,48025,Bee,TX
2534,48027,Bell,TX
2535,48029,Bexar,TX
2536,48031,Blanco,TX
2537,48033,Borden,TX
2538,48035,Bosque,TX
2539,48037,Bowie,TX
2540,48039,Brazoria,TX
2541,48041,Brazos,TX
2542,48043,Brewster,TX
2543,48045,Briscoe,TX
2544,48047,Brooks,TX
2545,48049,Brown,TX
2546,48051,Burleson,TX
2547,48053,Burnet,TX
2548,48055,Caldwell,TX
2549,48057,Calhoun,TX
2550,48059,Callahan,TX
2551,48061,Cameron,TX
2552,48063,Camp,TX
2553,48065,Carson,TX
2554,48067,Cass,TX
2555,48069,Castro,TX
2556,48071,Chambers,TX
2557,48073,Cherokee,TX
2558,48075,Childress,TX
2559,48077,Clay,TX
2560,48079,Cochran,TX
2561,48081,Coke,TX
2562,48083,Coleman,TX
2563,48085,Collin,TX
2564,48087,Collingsworth,TX
2565,48089,Colorado,TX
2566,48091,Comal,TX
2567,48093,Comanche,TX
2568,48095,Concho,TX
2569,48097,Cooke,TX
2570,48099,Coryell,TX
2571,48101,Cottle,TX
2572,48103,Crane,TX
2573,48105,Crockett,TX
2574,48107,Crosby,TX
2575,48109,Culberson,TX
2576,48111,Dallam,TX
2577,48113,Dallas,TX
2578,48115,Dawson,TX
2579,48117,Deaf Smith,TX
2580,48119,Delta,TX
2581,48121,Denton,TX
2582,48123,De Witt,TX
2583,48125,Dickens,TX
2584,48127,Dimmit,TX
2585,48129,Donley,TX
2586,48131,Duval,TX
2587,48133,Eastland,TX
2588,48135,Ector,TX
2589,48137,Edwards,TX
2590,48139,Ellis,TX
2591,48141,El Paso,TX
2592,48143,Erath,TX
2593,48145,Falls,TX
2594,48147,Fannin,TX
2595,48149,Fayette,TX
2596,48151,Fisher,TX
2597,48153,Floyd,TX
2598,48155,Foard,TX
2599,48157,Fort Bend,TX
2600,48159,Franklin,TX
2601,48161,Freestone,TX
2602,48163,Frio,TX
2603,48165,Gaines,TX
2604,48167,Galveston,TX
2605,48169,Garza,TX
2606,48171,Gillespie,TX
2607,48173,Glasscock,TX
2608,48175,Goliad,TX
2609,48177,Gonzales,TX
2610,48179,Gray,TX
2611,48181,Grayson,TX
2612,48183,Gregg,TX
2613,48185,Grimes,TX
2614,48187,Guadalupe,TX
2615,48189,Hale,TX
2616,48191,Hall,TX
2617,48193,Hamilton,TX
2618,48195,Hansford,TX
2619,48197,Hardeman,TX
2620,48199,Hardin,TX
2621,48201,Harris,TX
2622,48203,Harrison,TX
2623,48205,Hartley,TX
2624,48207,Haskell,TX
2625,48209,Hays,TX
2626,48211,Hemphill,TX
2627,48213,Henderson,TX
2628,48215,Hidalgo,TX
2629,48217,Hill,TX
2630,48219,Hockley,TX
2631,48221,Hood,TX
2632,48223,Hopkins,TX
2633,48225,Houston,TX
2634,48227,Howard,TX
2635,48229,Hudspeth,TX
2636,48231,Hunt,TX
2637,48233,Hutchinson,TX
2638,48235,Irion,TX
2639,48237,Jack,TX
2640,48239,Jackson,TX
2641,48241,Jasper,TX
2642,48243,Jeff Davis,TX
2643,48245,Jefferson,TX
2644,48247,Jim Hogg,TX
2645,48249,Jim Wells,TX
2646,48251,Johnson,TX
2647,48253,Jones,TX
2648,48255,Karnes,TX
2649,48257,Kaufman,TX
2650,48259,Kendall,TX
2651,48261,Kenedy,TX
2652,48263,Kent,TX
2653,48265,Kerr,TX
2654,48267,Kimble,TX
2655,48269,King,TX
2656,48271,Kinney,TX
2657,48273,Kleberg,TX
2658,48275,Knox,TX
2659,48277,Lamar,TX
2660,48279,Lamb,TX
2661,48281,Lampasas,TX
2662,48283,La Salle,TX
2663,48285,Lavaca,TX
2664,48287,Lee,TX
2665,48289,Leon,TX
2666,48291,Liberty,TX
2667,48293,Limestone,TX
2668,48295,Lipscomb,TX
2669,48297,Live Oak,TX
2670,48299,Llano,TX
2671,48301,Loving,TX
2672,48303,Lubbock,TX
2673,48305,Lynn,TX
2674,48307,McCulloch,TX
2675,48309,McLennan,TX
2676,48311,McMullen,TX
2677,48313,Madison,TX
2678,48315,Marion,TX
2679,48317,Martin,TX
2680,48319,Mason,TX
2681,48321,Matagorda,TX
2682,48323,Maverick,TX
2683,48325,Medina,TX
2684,48327,Menard,TX
2685,48329,Midland,TX
2686,48331,Milam,TX
2687,48333,Mills,TX
2688,48335,Mitchell,TX
2689,48337,Montague,TX
2690,48339,Montgomery,TX
2691,48341,Moore,TX
2692,48343,Morris,TX
2693,48345,Motley,TX
2694,48347,Nacogdoches,TX
2695,48349,Navarro,TX
2696,48351,Newton,TX
2697,48353,Nolan,TX
2698,48355,Nueces,TX
2699,48357,Ochiltree,TX
2700,48359,Oldham,TX
2701,48361,Orange,TX
2702,48363,Palo Pinto,TX
2703,48365,Panola,TX
2704,48367,Parker,TX
2705,48369,Parmer,TX
2706,48371,Pecos,TX
2707,48373,Polk,TX
2708,48375,Potter,TX
2709,48377,Presidio,TX
2710,48379,Rains,TX
2711,48381,Randall,TX
2712,48383,Reagan,TX
2713,48385,Real,TX
2714,48387,Red River,TX
2715,48389,Reeves,TX
2716,48391,Refugio,TX
2717,48393,Roberts,TX
2718,48395,Robertson,TX
2719,48397,Rockwall,TX
2720,48399,Runnels,TX
2721,48401,Rusk,TX
2722,48403,Sabine,TX
2723,48405,San Augustine,TX
2724,48407,San Jacinto,TX
2725,48409,San Patricio,TX
2726,48411,San Saba,TX
2727,48413,Schleicher,TX
2728,48415,Scurry,TX
2729,48417,Shackelford,TX
2730,48419,Shelby,TX
2731,48421,Sherman,TX
2732,48423,Smith,TX
2733,48425,Somervell,TX
2734,48427,Starr,TX
2735,48429,Stephens,TX
2736,48431,Sterling,TX
2737,48433,Stonewall,TX
2738,48435,Sutton,TX
2739,48437,Swisher,TX
2740,48439,Tarrant,TX
2741,48441,Taylor,TX
2742,48443,Terrell,TX
2743,48445,Terry,TX
2744,48447,Throckmorton,TX
2745,48449,Titus,TX
2746,48451,Tom Green,TX
2747,48453,Travis,TX
2748,48455,Trinity,TX
2749,48457,Tyler,TX
2750,48459,Upshur,TX
2751,48461,Upton,TX
2752,48463,Uvalde,TX
2753,48465,Val Verde,TX
2754,48467,Van Zandt,TX
2755,48469,Victoria,TX
2756,48471,Walker,TX
2757,48473,Waller,TX
2758,48475,Ward,TX
2759,48477,Washington,TX
2760,48479,Webb,TX
2761,48481,Wharton,TX
2762,48483,Wheeler,TX
2763,48485,Wichita,TX
2764,48487,Wilbarger,TX
2765,48489,Willacy,TX
2766,48491,Williamson,TX
2767,48493,Wilson,TX
2768,48495,Winkler,TX
2769,48497,Wise,TX
2770,48499,Wood,TX
2771,48501,Yoakum,TX
2772,48503,Young,TX
2773,48505,Zapata,TX
2774,48507,Zavala,TX
2775,49001,Beaver,UT
2776,49003,Box Elder,UT
2777,49005,Cache,UT
2778,49007,Carbon,UT
2779,49009,Daggett,UT
2780,49011,Davis,UT
2781,49013,Duchesne,UT
2782,49015,Emery,UT
2783,49017,Garfield,UT
2784,49019,Grand,UT
2785,49021,Iron,UT
2786,49023,Juab,UT
2787,49025,Kane,UT
2788,49027,Millard,UT
2789,49029,Morgan,UT
2790,49031,Piute,UT
2791,49033,Rich,UT
2792,49035,Salt Lake,UT
2793,49037,San Juan,UT
2794,49039,Sanpete,UT
2795,49041,Sevier,UT
2796,49043,Summit,UT
2797,49045,Tooele,UT
2798,49047,Uintah,UT
2799,49049,Utah,UT
2800,49051,Wasatch,UT
2801,49053,Washington,UT
2802,49055,Wayne,UT
2803,49057,Weber,UT
2804,50001,Addison,VT
2805,50003,Bennington,VT
2806,50005,Caledonia,VT
2807,50007,Chittenden,VT
2808,50009,Essex,VT
2809,50011,Franklin,VT
2810,50013,Grand Isle,VT
2811,50015,Lamoille,VT
2812,50017,Orange,VT
2813,50019,Orleans,VT
2814,50021,Rutland,VT
2815,50023,Washington,VT
2816,50025,Windham,VT
2817,50027,Windsor,VT
2818,51001,Accomack,VA
2819,51003,Albemarle,VA
2820,51005,Alleghany,VA
2821,51007,Amelia,VA
2822,51009,Amherst,VA
2823,51011,Appomattox,VA
2824,51013,Arlington,VA
2825,51015,Augusta,VA
2826,51017,Bath,VA
2827,51019,Bedford,VA
2828,51021,Bland,VA
2829,51023,Botetourt,VA
2830,51025,Brunswick,VA
2831,51027,Buchanan,VA
2832,51029,Buckingham,VA
2833,51031,Campbell,VA
2834,51033,Caroline,VA
2835,51035,Carroll,VA
2836,51036,Charles City,VA
2837,51037,Charlotte,VA
2838,51041,Chesterfield,VA
2839,51043,Clarke,VA
2840,51045,Craig,VA
2841,51047,Culpeper,VA
2842,51049,Cumberland,VA
2843,51051,Dickenson,VA
2844,51053,Dinwiddie,VA
2845,51057,Essex,VA
2846,51059,Fairfax,VA
2847,51061,Fauquier,VA
2848,51063,Floyd,VA
2849,51065,Fluvanna,VA
2850,51067,Franklin,VA
2851,51069,Frederick,VA
2852,51071,Giles,VA
2853,51073,Gloucester,VA
2854,51075,Goochland,VA
2855,51077,Grayson,VA
2856,51079,Greene,VA
2857,51081,Greensville,VA
2858,51083,Halifax,VA
2859,51085,Hanover,VA
2860,51087,Henrico,VA
2861,51089,Henry,VA
2862,51091,Highland,VA
2863,51093,Isle of Wight,VA
2864,51095,James City,VA
2865,51097,King and Queen,VA
2866,51099,King George,VA
2867,51101,King William,VA
2868,51103,Lancaster,VA
2869,51105,Lee,VA
2870,51107,Loudoun,VA
2871,51109,Louisa,VA
2872,51111,Lunenburg,VA
2873,51113,Madison,VA
2874,51115,Mathews,VA
2875,51117,Mecklenburg,VA
2876,51119,Middlesex,VA
2877,51121,Montgomery,VA
2878,51125,Nelson,VA
2879,51127,New Kent,VA
2880,51131,Northampton,VA
2881,51133,Northumberland,VA
2882,51135,Nottoway,VA
2883,51137,Orange,VA
2884,51139,Page,VA
2885,51141,Patrick,VA
2886,51143,Pittsylvania,VA
2887,51145,Powhatan,VA
2888,51147,Prince Edward,VA
2889,51149,Prince George,VA
2890,51153,Prince William,VA
2891,51155,Pulaski,VA
2892,51157,Rappahannock,VA
2893,51159,Richmond,VA
2894,51161,Roanoke,VA
2895,51163,Rockbridge,VA
2896,51165,Rockingham,VA
2897,51167,Russell,VA
2898,51169,Scott,VA
2899,51171,Shenandoah,VA
2900,51173,Smyth,VA
2901,51175,Southampton,VA
2902,51177,Spotsylvania,VA
2903,51179,Stafford,VA
2904,51181,Surry,VA
2905,51183,Sussex,VA
2906,51185,Tazewell,VA
2907,51187,Warren,VA
2908,51191,Washington,VA
2909,51193,Westmoreland,VA
2910,51195,Wise,VA
2911,51197,Wythe,VA
2912,51199,York,VA
2913,51510,Alexandria City,VA
2914,51515,Bedford City,VA
2915,51520,Bristol City,VA
2916,51530,Buena Vista City,VA
2917,51540,Charlottesville City,VA
2918,51550,Chesapeake City,VA
2919,51560,Clifton Forge City,VA
2920,51570,Colonial Heights Cit,VA
2921,51580,Covington City,VA
2922,51590,Danville City,VA
2923,51595,Emporia City,VA
2924,51600,Fairfax City,VA
2925,51610,Falls Church City,VA
2926,51620,Franklin City,VA
2927,51630,Fredericksburg City,VA
2928,51640,Galax City,VA
2929,51650,Hampton City,VA
2930,51660,Harrisonburg City,VA
2931,51670,Hopewell City,VA
2932,51678,Lexington City,VA
2933,51680,Lynchburg City,VA
2934,51683,Manassas City,VA
2935,51685,Manassas Park City,VA
2936,51690,Martinsville City,VA
2937,51700,Newport News City,VA
2938,51710,Norfolk City,VA
2939,51720,Norton City,VA
2940,51730,Petersburg City,VA
2941,51735,Poquoson City,VA
2942,51740,Portsmouth City,VA
2943,51750,Radford City,VA
2944,51760,Richmond City,VA
2945,51770,Roanoke City,VA
2946,51775,Salem City,VA
2947,51780,South Boston City,VA
2948,51790,Staunton City,VA
2949,51800,Suffolk City,VA
2950,51810,Virginia Beach City,VA
2951,51820,Waynesboro City,VA
2952,51830,Williamsburg City,VA
2953,51840,Winchester City,VA
2954,53001,Adams,WA
2955,53003,Asotin,WA
2956,53005,Benton,WA
2957,53007,Chelan,WA
2958,53009,Clallam,WA
2959,53011,Clark,WA
2960,53013,Columbia,WA
2961,53015,Cowlitz,WA
2962,53017,Douglas,WA
2963,53019,Ferry,WA
2964,53021,Franklin,WA
2965,53023,Garfield,WA
2966,53025,Grant,WA
2967,53027,Grays Harbor,WA
2968,53029,Island,WA
2969,53031,Jefferson,WA
2970,53033,King,WA
2971,53035,Kitsap,WA
2972,53037,Kittitas,WA
2973,53039,Klickitat,WA
2974,53041,Lewis,WA
2975,53043,Lincoln,WA
2976,53045,Mason,WA
2977,53047,Okanogan,WA
2978,53049,Pacific,WA
2979,53051,Pend Oreille,WA
2980,53053,Pierce,WA
2981,53055,San Juan,WA
2982,53057,Skagit,WA
2983,53059,Skamania,WA
2984,53061,Snohomish,WA
2985,53063,Spokane,WA
2986,53065,Stevens,WA
2987,53067,Thurston,WA
2988,53069,Wahkiakum,WA
2989,53071,Walla Walla,WA
2990,53073,Whatcom,WA
2991,53075,Whitman,WA
2992,53077,Yakima,WA
2993,54001,Barbour,WV
2994,54003,Berkeley,WV
2995,54005,Boone,WV
2996,54007,Braxton,WV
2997,54009,Brooke,WV
2998,54011,Cabell,WV
2999,54013,Calhoun,WV
3000,54015,Clay,WV
3001,54017,Doddridge,WV
3002,54019,Fayette,WV
3003,54021,Gilmer,WV
3004,54023,Grant,WV
3005,54025,Greenbrier,WV
3006,54027,Hampshire,WV
3007,54029,Hancock,WV
3008,54031,Hardy,WV
3009,54033,Harrison,WV
3010,54035,Jackson,WV
3011,54037,Jefferson,WV
3012,54039,Kanawha,WV
3013,54041,Lewis,WV
3014,54043,Lincoln,WV
3015,54045,Logan,WV
3016,54047,McDowell,WV
3017,54049,Marion,WV
3018,54051,Marshall,WV
3019,54053,Mason,WV
3020,54055,Mercer,WV
3021,54057,Mineral,WV
3022,54059,Mingo,WV
3023,54061,Monongalia,WV
3024,54063,Monroe,WV
3025,54065,Morgan,WV
3026,54067,Nicholas,WV
3027,54069,Ohio,WV
3028,54071,Pendleton,WV
3029,54073,Pleasants,WV
3030,54075,Pocahontas,WV
3031,54077,Preston,WV
3032,54079,Putnam,WV
3033,54081,Raleigh,WV
3034,54083,Randolph,WV
3035,54085,Ritchie,WV
3036,54087,Roane,WV
3037,54089,Summers,WV
3038,54091,Taylor,WV
3039,54093,Tucker,WV
3040,54095,Tyler,WV
3041,54097,Upshur,WV
3042,54099,Wayne,WV
3043,54101,Webster,WV
3044,54103,Wetzel,WV
3045,54105,Wirt,WV
3046,54107,Wood,WV
3047,54109,Wyoming,WV
3048,55001,Adams,WI
3049,55003,Ashland,WI
3050,55005,Barron,WI
3051,55007,Bayfield,WI
3052,55009,Brown,WI
3053,55011,Buffalo,WI
3054,55013,Burnett,WI
3055,55015,Calumet,WI
3056,55017,Chippewa,WI
3057,55019,Clark,WI
3058,55021,Columbia,WI
3059,55023,Crawford,WI
3060,55025,Dane,WI
3061,55027,Dodge,WI
3062,55029,Door,WI
3063,55031,Douglas,WI
3064,55033,Dunn,WI
3065,55035,Eau Claire,WI
3066,55037,Florence,WI
3067,55039,Fond du Lac,WI
3068,55041,Forest,WI
3069,55043,Grant,WI
3070,55045,Green,WI
3071,55047,Green Lake,WI
3072,55049,Iowa,WI
3073,55051,Iron,WI
3074,55053,Jackson,WI
3075,55055,Jefferson,WI
3076,55057,Juneau,WI
3077,55059,Kenosha,WI
3078,55061,Kewaunee,WI
3079,55063,La Crosse,WI
3080,55065,Lafayette,WI
3081,55067,Langlade,WI
3082,55069,Lincoln,WI
3083,55071,Manitowoc,WI
3084,55073,Marathon,WI
3085,55075,Marinette,WI
3086,55077,Marquette,WI
3087,55078,Menominee,WI
3088,55079,Milwaukee,WI
3089,55081,Monroe,WI
3090,55083,Oconto,WI
3091,55085,Oneida,WI
3092,55087,Outagamie,WI
3093,55089,Ozaukee,WI
3094,55091,Pepin,WI
3095,55093,Pierce,WI
3096,55095,Polk,WI
3097,55097,Portage,WI
3098,55099,Price,WI
3099,55101,Racine,WI
3100,55103,Richland,WI
3101,55105,Rock,WI
3102,55107,Rusk,WI
3103,55109,St Croix,WI
3104,55111,Sauk,WI
3105,55113,Sawyer,WI
3106,55115,Shawano,WI
3107,55117,Sheboygan,WI
3108,55119,Taylor,WI
3109,55121,Trempealeau,WI
3110,55123,Vernon,WI
3111,55125,Vilas,WI
3112,55127,Walworth,WI
3113,55129,Washburn,WI
3114,55131,Washington,WI
3115,55133,Waukesha,WI
3116,55135,Waupaca,WI
3117,55137,Waushara,WI
3118,55139,Winnebago,WI
3119,55141,Wood,WI
3120,56001,Albany,WY
3121,56003,Big Horn,WY
3122,56005,Campbell,WY
3123,56007,Carbon,WY
3124,56009,Converse,WY
3125,56011,Crook,WY
3126,56013,Fremont,WY
3127,56015,Goshen,WY
3128,56017,Hot Springs,WY
3129,56019,Johnson,WY
3130,56021,Laramie,WY
3131,56023,Lincoln,WY
3132,56025,Natrona,WY
3133,56027,Niobrara,WY
3134,56029,Park,WY
3135,56031,Platte,WY
3136,56033,Sheridan,WY
3137,56035,Sublette,WY
3138,56037,Sweetwater,WY
3139,56039,Teton,WY
3140,56041,Uinta,WY
3141,56043,Washakie,WY
3142,56045,Weston,WY
3143,60010,Unknown,AS
3144,60020,Manua,AS
3145,60020,Ofu,AS
3146,60020,Olosega,AS
3147,60050,Tutuila,AS
3148,66010,Cocos Island,MP
3149,66010,Guam,GU
3150,69100,Rota,MP
3151,69110,Saipan,MP
3152,69120,Aguijan,MP
3153,69120,Tinian,MP
3154,72001,Adjuntas,PR
3155,72003,Aguada,PR
3156,72005,Aguadilla,PR
3157,72007,Aguas Buenas,PR
3158,72009,Aibonito,PR
3159,72011,Anasco,PR
3160,72013,Arecibo,PR
3161,72015,Arroyo,PR
3162,72017,Barceloneta,PR
3163,72019,Barranquitas,PR
3164,72021,Bayamon,PR
3165,72023,Cabo Rojo,PR
3166,72025,Caguas,PR
3167,72027,Camuy,PR
3168,72029,Canovanas,PR
3169,72031,Carolina,PR
3170,72033,Catano,PR
3171,72035,Cayey,PR
3172,72037,Ceiba,PR
3173,72041,Cidra,PR
3174,72043,Coamo,PR
3175,72045,Comerio,PR
3176,72047,Corozal,PR
3177,72049,Culebra,PR
3178,72051,Dorado,PR
3179,72053,Fajardo,PR
3180,72054,Florida,PR
3181,72055,Guanica,PR
3182,72057,Guayama,PR
3183,72059,Guayanilla,PR
3184,72061,Guaynabo,PR
3185,72063,Gurabo,PR
3186,72065,Hatillo,PR
3187,72067,Hormigueros,PR
3188,72071,Isabela,PR
3189,72073,Jayuya,PR
3190,72075,Juana Diaz,PR
3191,72077,Juncos,PR
3192,72079,Lajas,PR
3193,72081,Lares,PR
3194,72083,Las Marias,PR
3195,72085,Las Piedras,PR
3196,72087,Loiza,PR
3197,72089,Luquillo,PR
3198,72091,Manati,PR
3199,72093,Maricao,PR
3200,72095,Maunabo,PR
3201,72097,Mayaguez,PR
3202,72099,Moca,PR
3203,72101,Morovis,PR
3204,72103,Nabuabo,PR
3205,72105,Naranjito,PR
3206,72107,Orocovis,PR
3207,72109,Patillas,PR
3208,72111,Penuelas,PR
3209,72113,Ponce,PR
3210,72115,Quebradillas,PR
3211,72117,Rincon,PR
3212,72119,Rio Grande,PR
3213,72121,Sabana Grande,PR
3214,72123,Salinas,PR
3215,72125,San German,PR
3216,72127,San Juan,PR
3217,72129,San Lorenzo,PR
3218,72131,San Sabastian,PR
3219,72133,Santa Isabel,PR
3220,72135,Toa Alta,PR
3221,72137,Toa Baja,PR
3222,72139,Trujillo Alto,PR
3223,72141,Utuado,PR
3224,72143,Vega Alta,PR
3225,72145,Vega Baja,PR
3226,72147,Vieques,PR
3227,72149,Villalba,PR
3228,72151,Yabucoa,PR
3229,72153,Yauco,PR
3230,78010,St. Croix,VI
3231,78020,St. John,VI
3232,78030,St. Thomas,VI
